source,label,message_idx,text
앙챗,단순채팅,chat0004,"['아조씨랑 아무얘기ㄱㄱ', '안녕', '하이하이, 오늘 학교 안가심?, 말이 없누…학교갔나?', '넴', 'ㅋㅋㅋ수업중이겠네여', '이제 시작했어요', '무슨 전공이에유?', '저 중학생인데', '헐, 아조씨 괜차나여 근데?ㅋㅋ', '그냥 대환데요', '그니까여ㅋㅋ, 아재라고 말도 안섞어줌ㅠㅠㅠ흑..억장 무너짐', 'ㅎㅎ', '학교에서 인싸에요 아싸에여?', 'ㅇㅆ', 'ㅋㅋㅋㅋㅋㅋㅋㅋ올ㅋ, 아조씨는 썁찐따 아싸에연ㅠㅠㅠ', 'ㅊㅋㅊㅋ', 'ㄱㅅㄱㅅ']"
앙챗,단순채팅,chat0007,"['라디오 듣고싶다', '어떤 라디오?', '스푼 라디오같은, 목소리 좋은 일상라디오!', '어플인가요?', '네네 스푼라디오는 어플이에요ㅎㅎ', '라디오 들으세요', '님 목소리도 듣고싶어용', '싫어요ㅎ', '그..그래요…시무룩', 'ㅎㅎ', '그럼 얘기나해요!', '좋아요', '웅웅 좋아요ㅎㅎㅎ, 말편하게하세요!', 'ㅇㅋㅇㅋ', 'ㅇㅋㅇㅋ ㅋㅋㅋ밥먹엇어?', 'ㅇㅇ', '나도먹음', '뭐 먹었어요', '여자요', 'ㅎㅎ', '먹힐래요??', '싫어요']"
앙챗,단순채팅,chat0012,"['안녕ㅋㅋ', 'ㅎㅇ', '머함?', '그냥 있어요', '전화나 할래?', '전화는 안돼요', '그럼?ㅋㅋ', '그냥 대화해요']"
앙챗,단순채팅,chat0014,"['안뇽', 'ㅎㅇ', '머해여', '그냥 있어요', '몉살에용ㅎ', 16, '어리메욤, 학교는', '지금 학교에요', '아아ㅋㅋㅋ, 쉬는시간인가바요', 'ㅇㅇㅇ']"
앙챗,단순채팅,chat0020,"['안ㄴ ㅇ하셍~, 안녕하세요~, 학생이에요?', '네', '지금학교???', '네 학교 다녀요', '아~어디살아요??', '서울살아요', '저두요! 거리가 되게 가깝네요 ㅎ 몇살이에요?, 전 서울역근처에서 일하구있어요', '저 학생이에요, 16', '아~엄청어리시네ㅎ, 키랑몸무게가어케되요?', '그런게 궁금해요?', '그냥요~기분나빴다면죄송해요 ', '네']"
앙챗,단순채팅,chat0025,"['안녕하세요', 'ㅎㅇ', '답이늣었네요, 학생이세요', '네 학생이에요', '넹, 열공중이시겠네용', '네 맞아요', '좋은분같아요', '맞아요', '어굴도예쁘실것 같고요, 지역이어디세요', '서울이에요', '고3, 고2, 고1', '중3이에요', '네, 중3이면 남친도있나요', '네', '남친이 잘해주시나요', '네', '잘해주면 좋은일이죠', '그러쿤요', '남친하고 섹스도 하는 사이예요', '몰라도돼요', '넹, 알필요는 없죠', '넴', '잘해주고십어요, 필요하신거 있으면 말씀하세요', '네', '남친이있어서 만나지도못하공 어쩌낭']"
앙챗,단순채팅,chat0027,"['안녕하세요', '안녕', '넵', 'ㅇㅇ', '지역이 어디세요', '서울이요', '네, 저는 저는 강남이에요', '그러쿠나', '님은요? 서울어디세요?', '강북이에요', '스므고개?', '중구살아요', 'ㅎ, 넵, 학생이에요?', '네 중3', '아 지금 학굔가요?', '네', '와 진짜요?, 인증가능? ', '안돼요', '네, 요즘 무슨고민있어요?', '딱히 없어요', '음ㅎ 사춘기아닌가요?', '모르겠네요', '의욕이 좀 없고 그런가요?', '딱히 그러진 않아요', 'ㅎㅎ먼가 다운된느낌인데', '전 괜찮아요', '네 무슨 수업시간이에요?', '수학', 'ㅎㅎ', 'ㅎㅎ', '궁금한거 없어요?, 하고싶은거라던지', '전 없어요', '상극같은거', '물고기 싫어해요', '낚시?', 'ㅇㅇ', 'ㅎㅎ, 어떤 낚시?', '다 싫어요', '어떤걸 당하셨길래..', '그냥 재미 없어요', '그렇군요, 가수 누구좋아해요,', '요즘 노래를 많이 안들어요', '글쿤요, 하교후 보통 뭐해요?', '그냥 집에 있어요', '그렇군요, 학원은 요?', '학원 안가요', '시간 많이남겄네요, 게임해요?', '게임하죠', '어떤게임요?', '롤?', '글큰요', '네', '요기서 사람들과 채팅 많이해요?', '아뇨 처음해봐요', '글쿤요.., 근데 여긴 정상인이 거의 없는데..', '그런거 같아요', 'ㅋㅋ, 이쪽 물들지 마세요', '고마우어요', '본인을 아끼세요, 소중한 나이이고 소중한 몸이에요', '네 알겠습니다', '^^, 제가살아보니 공부도 잘할필요 없습니다 그냥 하고싶은거만 빨리 찾으세요', '알겠슴당', 'ㅋㅋ여기까지 죄송 잔소리로 들릴텐데..', 'ㅂㅇ', 'ㅂㅇㅂㅇ, 아직도ㅋ, 대화상대찾네', 'ㅂㅇ', '?, ㅋ가게?', '이제 가려구요', '잘가, 저기, 라다님, ㅋ뭐해요, 여기서, 혹시 용돈?', '그냥 켜져있었네요', '계속 글올리시는데?', '그냥 톡 할라구', 'kite4528']"
앙챗,단순채팅,chat0029,"['ㅎㅇ', 'ㅎㅇ', '어떤 사람 찾아요? 혹 데이트?', '아니요', '네..그럼 어떤??', '그냥 대화하려구요', '아..네 챗?', 'ㅇ', '몇살이세요?', 16, '아 학굔?', '네 학교에요', '학교에서 하는구나 이걸. 심신한가 보군, 심심ㅋ, 어느 동네예요, 이걸로 친구 사귄적 있음?', '없어요', '여긴 좀 깨끗한? 곳은 아니니 용돈이나 그런 목적 아니면 오지마셈, 보면 알잖아요', '채팅 깨끗한 어플은 없어요?, 다른데도 다 그런가..', '대부분. 악명이라, 익명', '맞아요', '각자의 욕구에 충실ㅋ', '그런거 같아요, 그쪽도 그런 목적으로 채팅건거에요?', '약간은..이중적이죠.ㅋ', '많이 해봤어요?', '몇번.., 차에서도, 텔에서도, 많지는 않규, 하고나면 왜했나 싶은데 또 해보고 싶고 그러네요', '학생이랑도 해요?', '네. 그래서 차에서., 용돈 만남., 여기 잘 보면 많을거에요', '불법아닌가요?', '성매매 자체가 불법이죠', '그러네요, 걸린적 있으세용', '그래도 이렇게들 다.., 걸렸음 이런거 안하죠. 아니 못하겠죠', '그러쿠낭, 여튼 전 안할래요', 'ㅎㅎ궁금한거 해결?, 네., 하자고 안했는데 어딘지도 모르고ㅋ', '네 고마워요', '아직도 안가고 있넹..ㅋ대화 맞는 사람 있어요?', '그냥 켜놓고 있어요', '아 접속시간이 바뀌길래', '잘 모르겠네요', '넹']"
앙챗,단순채팅,chat0032,"['나랑통화하자', '통화 안돼요', '왜ㅜㅜ', '통화 안돼요ㅠ', '라인이나 카톡으로돛안돼??', '응 안돼요']"
앙챗,단순채팅,chat0039,"['광고만 아니면 어떤이야기라도~', '안녕하세요', 'ㅇㅇ반가워, 마포구 쪽 사시나보네', '네 반가워요', '어떤이야기로 썰풀며 즐겁게 대화를 해볼까용~~, 집? 일하시느느중?', '편하신대로, 학교에요', '홍대생???', '저 아직 중학생이ㅔㅇ요', '컥;;;;;;;;, 20대라고 표기되서 흠 글쿠나', '네;;', '여긴 거의 성적인 곳인데 이런 위험한 곳에,,ㅋㅋ', '다 조건만남 이런거밖에 없나요?', '응응 쪽지 오는거 보면 알잖아 아마 너한테 쪽지가는것들 보면, 면남자들 만나서 섹스하자 아니면, 면자기 벗은 사진 보여주고 그러지 않어?', '맞아요, 다른 어플도 다 그런가요?', '아마도 그렇겠지, 너의 또래 친구사귀고 할 수 있는 어플은 아마 없을거야', '그렇군요', '어쩌겟어 사회가 그런걸', '문제가 많아요 그죵..?', '성인들이 그러는건 상관없는데 또 다단계나 조폭들이 이런곳에 연류되어있고ㅗ 등등 그래서 문제지', '그런곳도 많은가보죠?', '응응., 여긴 정상적인 대화 할려는 사람 1 도읍어', '그쪽도 정상적인 대화를 하려고 하는건 아니였죠?', '응응 난 파트너 만들려고 온거지', '더럽구만']"
앙챗,단순채팅,chat0045,"['아무얘기나 해여', '네', '뭐하세요, 점심드셨어요?', '네 점심 먹었습니다', '대학생이에여?', '아뇨 중학생인데', '중학생이에요?ㅋㅋㅋㅋ, 좋을때다..', '넴 16살', '와ㅋㅋㅋ내랑 띠동갑이시넼ㅋㅋ', 'ㅎㅎㅎ', 'ㅋㄲㅋ점심시간끝났져?', '네 끝났어요', '고등학교는 어디로 진학하시게여?', '뺑뺑이로 가겟죠', '흠 가고싶은데는 없어여?', '넵 집이 조아요', '아니ㅋㅋ고등학교', '그냥 근처면 좋아요', '음…., 공부 소질이 없나보네 아니면 죄송', 'ㅇㅇ마자요', '공부 하기 싫죠?', 'ㅇㅇㅇ', '우야노…, 공부는 하기싫고 놀기만 좋고', '그래도 공부는 해야죠', '그쳐..나중에 후회해여', 'ㅇㅇㅇ', '이폰 주인이 딱 그런 케이스라 공부 하기싫어서, 놀기만하다 망해서ㅋㅋ, 옆에서 더럽게 잘자네요 아휴', '남 폰으로 하는건가요?', '옆에동생꺼라ㅋㅋ, 어플 깔려있길래 구경하다가 그쪽이랑 챗하고있어여', '넴', 'ㅋㅋㅋㅋㅋㅋㅋ안졸려요? 밥먹고 공부할라면', '괜찮아ㅛ', '어린게 좋긴좋네..', 'ㅇㅇ', '공부 열심히해여 학생', '네']"
앙챗,단순채팅,chat0049,"['하이', 'ㅎㅇ', '반가워요, 어디사셈?, 거리가 가까운듯..ㅋ', '서울 살아요', '저도 서울요, 서울 어디살아요?', '중구에 살아요', '중구면 약수?', '그 근처죠', '가까네요, 집에 혼자게심?, 밖에 바람 엄청 불어요..', '학교에요', '대학생임?, 동국대?', '아뇨 저 중학생인데…', '아.., 공부 열심히하세요^^', '네 감사합니다']"
앙챗,단순채팅,chat0058,"['아직도 있네요??^^', '누구시죵', '오전에 심심하서 톡한.., 지금은 어디예요?', '학교죠', '아직, 이걸로 사람들 본적도 있어요?', '아뇨 없어요']"
앙챗,단순채팅,chat0061,"['존나심심하다', 'ㅎㅎㅎ', '20살이야?', '아뇨 중학생이에요', '너무어리다']"
앙챗,단순채팅,chat0065,"['ㅂ., 방가워요', 'ㅎㅇ요', '네 방가워요', '넵넵', '어디사세요?', '중구살아요', '학생이세요?', '네 학생이에요', '좋을때네요 부럽네요', 'ㅎㅎ', '여긴 자주오세요?', '아뇨 처음와밨어요', '여긴 어떤거 같아요?', '잘 모르겠네요 어떤곳인가여', '여긴 거의다 섹스만남요ㅠㅠ', '아 그런곳이구나', '저는 건전을찾는데 없어요ㅠㅠ', '그러쿠낭', '우리 무슨얘기 할까요?, 궁금하거나?남자에 대해서!ㅋㅋ', '괜찮아여 안궁금하네용', '그럼 무슨대화 할까요?', '그냥 이런저런 대화ㅎㅎ', '경제?', '어려운데', '장래희망이 뭔가요?', '아직모르겠어요', '전공이 뭔데요?', '저 중학생인데']"
앙챗,단순채팅,chat0069,"['ㅎㅇ', '안녕하세요', '뭐하고계세요!, 4키로면 가까워서, 반가워가지고 바로보냈는뎈ㅋㅋ', '그냥 집에 있어요', '여기는, 신촌인데, 거긴 어디에요', '중구입니다', '어딘지 모르게따ㅠㅠ, 몇살이세요', '저 학생이에요 중학생..', '헐ㅠㅠ, 근데, 전 ㄱㅊ은데, 23살 어때요', '저 16살인데', '23살 어떤데요?!ㅋㅋ', '뭐가 어때요']"
앙챗,단순채팅,chat0073,"['저랑 대화해요!!ㅋㅋ', '안녕하세요', '네 반가워요!!ㅎㅎ, 대화라는걸 좀 해보고싶어옄ㅋ, 뭐 여기서 제대로대화해본적이없는ㅋㅋ', '저도 오늘 처음 써보는거라 모르겠네요,,', '머야 알림도안울렸어ㅜㅜ, 저씻구왔어요!!, 성매매나 광고가 은근많아서.., 찾기가힘들어욬ㅋ', '그런거 같네요', '머하구계세여, 밥은먹었어요?!', '밥 먹엇어요', '전이제먹으러갈려구여, 20살이신가요..?', '아뇨 내년에 고1대여', '앜ㅋ귀엽네여ㅜㅜ']"
앙챗,단순채팅,chat0082,"['안녕하세요 어떤얘기 좋아하세여??', '안녕하세요', '네 안녕하세요, 서울입니다~^^', '저도 서울이여요', '아 네^^* 같은 서울이시군요ㅎ', '맞아요', '날씨가 더웠다가 선선했다가 하네요, 암튼 반갑습니다ㅎㅎ, 저는 서울 중랑구 입니다', '그러게요 날씨가 좋아요', '네네ㅎㅎ, 나들이하기에 참 좋네요', '나들이 하세요', '네네, 혼자 하는건 심심해서…ㅎ', '혼자도 좋아요', '네네ㅎㅎ', 'ㅎㅎㅎ', '철벽 좋네요ㅎㅎ', '저랑 나들이 하고 싶으세요?', '네네!!', '만나서 머하려교', '나들이요, 이상한거 안할게여', '그냥 집에 있을래요', '네 ㅋ….ㅠ']"
앙챗,단순채팅,chat0087,"['뭐해여', '그냥 있어요', '지금????, 저녁은요', '저녁 먹엇어용', '집이에요?, 날씨 진짜좋음,,', '오늘 날씨 좋네요 이제 학원가려구요', '무슨학원가요??', '그냥 종합 학원이에요, 이것저것 다 하능ㄴ', '고등학생????', '내년에 고1돼요', '오늘은 학원갔다 뭐해', '집에가야징', '우리집?', '아뇨 우리집', '오ㅑ여ㅠ, 어디살아여', '중구 살아요', '나 동묘', '그러쿤요', '사진보여줘용', '싫어요', '왜ㅠ', '그냥요', '서로보여줘료', '시른딩 나는 안보여줄거야', '못생김?', '한국인답게 생김', '보자', '봐서 뭐해용', 'ㅠ, 왜', '뭐 할것도 없는뎅..', '영화, ㄱ ', '그냥 집에 있을래요..']"
앙챗,단순채팅,chat0088,"['하이요', '안녕하세요', '어디 살아요?', '중구 살아요', '아하 스무살??', '아뇨 내년에 고1돼여', '헉 그럼 지금 중3??흠ㄱ, 난 35 완전 늙은인기', '아죠씨네 아죠씨', '아빠지ㅋㅋㅋ아빠뻘아닌가ㅡㅡㅋ', '삼촌정도', '아니 근데 여긴 어찌 들어왔어?, 성인들의 놀이터인데', '여기가 성인들의 놀이터에요?', '그렇지 온라인놀이터', '뭐하고 놀아요?', '이야기하다가 마음맞으면 직접만나고, 성을 사고 팔수도 있고등등등', '그런곳인줄 몰랐어요', 'ㅎㅎ이제 알았으면 됐ㅈㄱ', '이 어플 말고도 다 그래요??', '거의 다 그래 요즘 정상적인게 없지', '그러쿠나…', '너는너무 어려ㅋㅋ', '맞아요 그런거같아요', '더크면 오도록, !!']"
앙챗,단순채팅,chat0095,"['안녕하세여ㅎㅎ', '안녕하세요', '네ㅎㅎ, 뭐하구잇어요', '이제 집에 가려구', '친구만낫어??', '학원끝낫어요', '아아ㅋㅋ, 집어딘데?', '중구', '아항ㅋㅋ, 나 홍댄데 지금ㅋㅋ', '그러쿠낭', 'ㅋㅋㅋ응웅, 친구 방금가서, 잉여됫어ㅠ', '전 집에 가려구요', 'ㅋㅋ나두 집이나 가야겟당..', '그래요']"
앙챗,단순채팅,chat0104,"['안녕하세요 오늘도 학교에서 챗 하시네요', '안녕하세요', '네 어제는 왜 답안하셨나요 잘해주고 싶은데', '어제 뭐라고 하셨죠?', '좋은분 같아서 잘해주고 싶다고 했어요', '저는 아직 학생이에요', '알아요 중3 남친도 있으시고', '근데 뭘 잘해줘요', '그냥 좋은사람같아서 잘해주고 싶어요']"
앙챗,단순채팅,chat0105,"['안녕~~', '안녕하세요', '오 빠르당~ 몇살?', '내년에 고1돼요', '헐 애기다 애기', '아직 어리죵', '학교야?', 'ㅇㅇㅇ', '학교에서 야톡하다 걸리며 어쩔려고', '몰래몰래 하고 있어요 이 앱 야톡이에요?', '대부분 야톡인뎅', '그러쿠낭', '웅웅 애기는 이런데서 놀면 안돼ㅜ', '알겠어요', '응응~~ 애기 까꿍~']"
앙챗,단순채팅,chat0107,"['안녕', '안녕', '학생? 직딩?', '학생이에요 지금 학교', '전공은 뭐야?ㅋㅋ', '전공 그런거 없어요', '아 고딩이야?', '내년에 고1대여', '아 중딩이야?ㅋㅋ', '네 중3', '어플은 어케알고?ㅋㅋ', '채팅앱 검색하니까 나오던데 이상한 앱인가요?', '오늘 첨 하는거야?ㅋㅋㅋ', '넴', '쪽지 많이 안와?', '쪽지와요', '뭐라고와?ㅋㅋㅋ', '몰라요 이상한것도 많이 오네요', '그런 어플이야ㅋㅋㅋ', '학생은 안하는 게 좋지ㅋㅋㅋ 야한거 안 좋아하면ㅋㅋ', '그러쿤요…', '이상한거는 다 차단했어?ㅋㅋㅋ', '네 그런거 같아요', '그럼 어여 수업하러가도록ㅋㅋㅋ', '넵', '잘 가~']"
앙챗,단순채팅,chat0111,"['안녕하세요ㅎ', '안녕하세요', '아 네네 :):) 출근하셨나요ㅎㅎ', ':) 학교에요', '앗 가까워서 직장인인줄 알았어요. 수업은 잘 듣고 있나요? 시험기간은 아니죵?', '네 아니에요']"
앙챗,단순채팅,chat0114,"['사진교환 할래?', '사진교환이요?', '웅', '사진 없어요', '찍어서', '학교라서 힘들어요', '화장실 가서~~', '안대여…', '몇 살?', '내년에 고1돼요', '아 그랭ㅠ 그럼 이따 집에 가서 할래?', '모르겠어요', '너 이뻐?', '한국인답게 생겼어요', '웅', '웅']"
앙챗,단순채팅,chat0117,"['하이용', 'ㅎ ㅇ ㅇ', '머하구 있으신강', '수업듣고 있어요', '오 무슨 수업이에용', '영어 수업']"
앙챗,단순채팅,chat0130,"['야한건?', '야', '어디야?', '학교야', '몇살이야', '내년에 중딩탈출한다', '엥?', '왱', '어려', 'ㅎㅎ', '공부해라', '알아썽']"
앙챗,단순채팅,chat0133,"['님님~~~ 아직 학교인가요??', '네 학교입니다', '언제 끝나요?? 핸펀 안뺏기나봐요??', '몰래 하고 있어요', '아아ㅋㅋ 저 아시죠 님??', '몰라요 본거 같기도 하네용', 'ㅜㅜ 저 아까 믿을분 얘기한 사람요 님님님']"
앙챗,단순채팅,chat0149,"['안녕', 'ㅎ ㅇ ', '응응', 'ㅇㅇㅇ', '반갑. 채팅 목표로 온거지? 아아 이야기니까 채팅이겠네', '다른 목표가 있나요?', '아니 전 없음. 이상한 애들이 많아서 그럴뿐이지', '그런가요', '남자도 정신나갔어… 같은 남자인데 ㅇㅇ…']"
앙챗,단순채팅,chat0154,"['하이', 'ㅎ ㅇ', '몇살? 이예요?', '저 내년에 고1돼여', '중3?', 'ㅇㅇ', '친구들이랑 놀 시간에 왜 여기있엌ㅋㅋㅋ', '공부해야 하는데', '공부 잘하는 편?', '잘 못해요', '괜찮아 공부 못해도돼. 잘하는거 찾아', '알겠어요', '이 앱은 심심해서 하는거야?', '그냥 채팅앱 검색하니까 나와서 하고 있는뎅 무슨 앱이에요?', '이거… 좀 수위있는 앱이야ㅋㅋㅋ 왜 사람들이 뭐라했어?!', '만나자고 많이 이야기하더라구요', '넌? 만나고 싶지 않을꺼 아니야ㅋㅋ', '잘 모르겠어요 저랑 만나고 싶으세요?', '애기 만나서 모해ㅋㅋ 너 그런거 할 줄 알아?', '잘 몰라요', '아직 어려서 알고싶지도 않을꺼 아냐… 나도 너무 애기들은… 만약 봐도 밥 사줘야지', '네 저도 안할려구요…', '응ㅋㅋ 조금 더 크고 알 거 알면 와. 대화나 하자, 이것도 인연인뎅, 너 왜 계속 하고 있어']"
앙챗,단순채팅,chat0155,"['저나해? 나랑 저나하자', '전화 안해', '라인두 안해??', '라인 안행…', '앙…', 'ㅇㅇㅇ…']"
앙챗,단순채팅,chat0187,"['반가워요~~', 'ㅎ ㅇ ㅇ', '안녕하세요ㅎㅎ 뭐하고 계신가요?', '학교에서 수업듣고 있어요', '아하 대학생?ㅎㅎ 여기선 무슨 대화해요?', '그냥 이런저런 대화해요. 내년에 고등학교 올라가요', '헐 중학생…ㅋㅋ 이런거 해두되는거야?', '채팅앱이라 하고있는데 왜요?']"
앙챗,단순채팅,chat0189,"['뭐해요', '수업듣고 있어요', '오 어디서요', '학교에서', '무슨 수업에에용', '사회', '아 고닥생?', '아뇨 내년에 고등학교 가요']"
앙챗,단순채팅,chat0190,"['안녕하세요 :)', '안녕하세요', '아 네네ㅎㅎ ㄱ 이세요?', 'ㄱ? 그게 머에여']"
앙챗,단순채팅,chat0191,"['ㅎ ㅇ', 'ㅎ ㅇ', '뭐해요?ㅋㅋ', '수업듣고 있어요', '오 전공이 뭐에요?', '전공 없는데. 내년에 고등학교 올라가요', '아 그럼 중3?', '네', '요즘 중3은 모하구 놀아?ㅋㅋ', '그냥 친구들이랑 수다떠는거죠', '아 귀여워ㅋㅋㅋ 떡보이 먹으면서?', 'ㅎㅎㅎ', '미안ㅋㅋ 내가 주변에 제일 어린게 대학생이라ㅋㅋ 넌 요즘 관심사가 뭐야?', '뭐 딱히 없어요ㅎㅎ', '아 그래? 하긴 나두 중3때 추구하고 노래방 다니고 게임하고', 'ㅎㅎㅎ', '어떻게 하면 학원 안 갈 수 있을까 고민하던게 다였는데ㅋㅋ 혹시 너한테두 고민이 있니? 물론 있겠지만', '딱히 고민 없어요 그냥 저냥 지내고… ㅎㅎ', '아 미안ㅋㅋㅋ 내가 주책이었지 공부는 재밌어?', '잘못해서 하고 있어요', '공부는 어렵지. 하구 있다는 게 중요한거야. 많이 힘들지? ㅜㅜ', '지치네요ㅎ', '괜찮아 아직 3년 더 남았어… 하고 싶은 거 있어?', '아직 안 정했어요', '생각해둔 후보는 있구??', '아뇨ㅎㅋㅋ', '그래ㅋㅋ 벌써 정할 필요 없어ㅋㅋ 좀 놀면서 대충 공부하다 고3때 확 정하면 돼ㅋㅋ', '알겠어요', '고3때 아저씨 때문에 인생 망했다구 욕하긴 없기다ㅋㅋ', '넴 ㅎㅎ', '으 수업시간에 너 되게 잘한다 폰ㅋㅋㅋ', 'ㅎㅎㅎ', '남자친구는?', '있어요', '동갑?', 'ㅇㅇ', '오옹ㅋㅋ 누가 먼저 좋아했어?ㅋㅋㅋ', '잘 기억 안나네용ㅋ', '오래됐어?ㅋㅋ', '그렇게 오래되진 않고 좀 됐어요', 'ㅋㅋ 남친 자랑 좀 해줘', '싫어요ㅎㅎ', '권태기인가…', 'ㅎㅎㅎ', '근데 이거는 어쩌다가 하게 된거야? 심심해서?', '네 그렇죵', '외로움 타는 편이야?', '타는편이죠', '어떨 때 젤 외로워?', '그냥 잘 모르겠네용ㅎㅎ', '외동이야?', '동생있어요', '여동생?', 'ㅇㅇ', '보통 형제 있음 외로움 덜 타는데, 몇 살 차이야?']"
앙챗,단순채팅,chat0193,"['뭐하세요~~', '안녕하세요', '안녕하세요 가까워서 톡 보내봤어요 아저씨같은 나이라 좀 그렇죠?ㅋㅋ', '안녕하세요 몇살이세여?', '28요 ㅎㅎ', '저는 16살인데…', '헐 20이신줄ㅋ 열공하세요', '네']"
앙챗,단순채팅,chat0201,"['하잉', 'ㅎ ㅇ', 'ㅎ ㅇ 뭐함', '누워잇는뎅', '나동 몇살이야?', '학생이에여 ', 'ㅋㅋㅋㅋ아하 나도 대학생이야']"
앙챗,단순채팅,chat0202,"['무슨얘기하까 보지야', '안녕하세요', '옹', 'ㅎㅎ']"
앙챗,단순채팅,chat0212,"['하이', '하이', '스무살이야?', '아뇨 16살인뎅', '아 그렇구만 나는 스물넷이야ㅋㅋㅋ', '그러쿠낭', '머하구있었어', '그냥 누워있는데요', '그래 별로 얘기하기 싫구나', 'ㅎㅎㅎㅎ', 'ㅋㅋㅋㅋㅋㅋㅋㅋㅋㅋㅋㅋㅋㅋ']"
앙챗,단순채팅,chat0220,"['ㅎㅇ반가요 존아침', 'ㅇㅎㅎ', '바람맞구 텔 혼자에요ㅠ 허무하다ㅋ 왜 사람을 낚시질 하는지', 'ㅎㅎ 어떤 낚시요?', '만나서 ㅆ하자구 그래서 달려오니 그때부터 연락두절', 'ㅎㅎㅎ', 'ㅜㅜ', 'ㅎㅎㅎ']"
앙챗,단순채팅,chat0231,"['안녕', 'ㅎ ㅇ ㅇ', '모하구 있어', '그냥 쉬고 있어요', '나도 심심해. 회산데 일이 없어서 몰래 이거 하는중ㅎㅎ', '그렇구나', '너는 집?', '학교에서 수업 듣고 있어요.', '대학교??', '아뇨 중3이에요', '아하ㅎㅎㅎ 여기서 뭐하고 놀아?', '그냥 있어요', '이상한 사람은 없어?', '많은 거 같은데', '그치… 너한테 이상한 쪽지 많이 올 듯', '그런거 같아요', '넌 뭐 좋아해?', '그냥 이것저것 다 좋아해요']"
앙챗,단순채팅,chat0237,"['그래볼까ㅋㅋㅋㅋ', '?', '아무 얘기나 해볼까 하길래ㅋㅋㅋ', '네', '응 그래서 머해??', '그냥 있어요', 'ㅇㅅㅇ… 점심은 먹었어??', '넴', '뭐 먹어써??', '그냥 빵 먹었어요', '밥 챙겨먹지. 슴살이야??', '아뇨 내년에 고등학교 올라가요', '아 16?! 헐ㅋㅋㅋㅋ 그럼 지금 학교야??', 'ㅇㅇ', '헐ㅋㅋㅋ 난 카메 여기서 뭔 얘기해??ㅋㅋㅋ', '그냥 이런저런 이야기요']"
앙챗,단순채팅,chat0243,"['안녕하세요! 푸미유님은 지금 집이신가요?', '네 집이에요', '오늘 머하셨나요? 저는 대학교 수업 듣고 쉬고 잇어요', '저는 중3이에요', '아하 그렇구나 푸미유님은 이 앱 왜하세요? 저는 이야기하는거 좋아하고 만나서 노는 것도 좋아해서 이거해요', '그냥 채팅앱이라 나와서 깔아봤어요', '웅웅ㅎㅎ 너는 어디 지역살아?', '서울이요', '서울 나도 집이 그쪽인데', '그러쿠요', '나 대학때문에 내려왔어. 너는 키 몇이야?', '160정도요', '오옹 적당하구만', '뭐가 적당해요', '160정도면 키 적당한거 아니야?', '잘 모르게써요', '웅웅 ㅗ ㅎ 아 오타ㅠㅠ 미안해. 나는 177! 정도 돼. 너는 남여공학이야?', 'ㅇㅇ', '아 그럼 너는 남친 있어?', '없어요', '맘에 드는 사람이 없니?', '아직까지 없네요', '글쿤용', '넴', '너는 이상형 있어?', '그냥 평범한 친구 좋아해요', '아하 너무 잘생긴거 말구? 너는 몸매 어떤 편이야?', '마른편인데', '아하 글쿠나 나두나두 너는 좋아하는거나 취미 있어?', '딱히 없어요', '흐음 글쿠나 너는 남자랑 노는 거 좋아해?']"
앙챗,단순채팅,chat0245,"['하이', 'ㅎ ㅇ', '소개 좀 ㅎ 어디사세요', '저 서울 살아요', '저두 역삼동. .포미유님은?', '저 중구 살아요', '아아 몇살이세요', '저 16살이요', '아아 학교 안갔엉?', '오늘 아파서 이야기했어요', '아아 더기아 아픈데?ㅜ', '그냥 체했나봐요', '어제 뭐 먹었길랭ㅎ 전화할래?', '아뇨 싫어요 괜찮아요', '아… 응 걍 심심할까봐 물어봤어. 너 사진있어?', '사진 없어요', '아응 카톡교환하고 싶다ㅋㅋ 심심하지 않앙?', '안할거에요', 'ㅜㅜ 체한 건 좀 괜츈?', '아직 잘 모르겠네요']"
앙챗,단순채팅,chat0247,"['ㅎ ㅇ 요', 'ㅎ ㅇ ㅇ', '머해요?', '그냥 있어요', '무슨 얘기 할까요?']"
앙챗,단순채팅,chat0248,"['안녕하세요', '안녕하세요', '반가워요 가깝네요 우리', '그러네요', '어디 살아요?', '서울 살아요', '서울 어디쪽이세요? 전 지금 명동쪽이에요', '저는 중구쪽이에요', '그렇군요 가깝네요 뭐하고 있어요?', '그냥 있어요', '집이에요?', '네', '그렇군요 어떤 대화하고 싶어요?', '잘 모르겠어요 어떤 대화 하고 싶으세여?', '야한 거 좋아해요?', '야한 거요?']"
앙챗,단순채팅,chat0251,"['안녕하세요? 아무얘기해요 ^^', '안녕하세요', '넵ㅎㅎ 하이오', 'ㅎ ㅇ ㅇ', '강남역 근처 직장인이에요 뭐하고 있었어요?', '저는 학교 수업 끝나고 집에 있어요', '대학생이에요? 전공이?', '아뇨 내년에 고등학교 올라가요', '아 그래요? 대학생인줄. 그럼 중3이네 16?', '네', '와우… 바쁘겠다ㅠㅠ 내년에 고등학교 가려면. 스카이 캐슬 생각나네ㅠ', 'ㅎㅎ 맞아요', 'ㅋㅋㅋㅋㅋㅋ 엄청 잼있게봤는데… 그놈의 입시가 머라고', 'ㅎㅎㅎ', '근데 저도 나름 서성한 중에 하나 나왔긴 했는데 한국에서는 대학 학벌이 중요해요ㅠㅠㅠ 안타깝지만 현실 ㅜㅜ 엉엉 ㅜㅜ 지방대 나왔으면 취업도 못했겠구나 생각이 들더라니까요', '그렇군요 커서도 고생이네요', 'ㅋㅋㅋㅋㅋ 무한경쟁ㅋ 대학교때는 나름 잼있게 다녔는데 회사 와보니… 또 다른 경쟁. 암튼 너무 머나먼 미래죠? ㅋㅋㅋ 여기서 뭐하고 있었어요?', '그냥 채팅앱이라고 해서 깔아봤어요', '앜ㅋ 여기 조건만남 많이 하는 곳인데 ㅜㅜ 조심하세요', '아 그래요? 조건만남 하시려구요?', '아뇨ㅋㅋㅋ 그냥 심심해서 채팅만. 정상인도 5% 정도 있어요. 예전에 한번 맘 맞는 사람 만나봤는데… ㅋㅋㅋㅋ양심에 찔리고 나쁜짓 하는 거 같아서…', '그렇구낭…', '넹 그래요.ㅎㅎㅎ', '사는 곳이 어디에요?', '저 중구 살아요', '중구 다 집이에요?ㅋㅋㅋㅋ라고 군대가면 놀려요, 고참: 어디살아, 저 중구삽니다 중구가 다 니네 집이야?ㅋㅋ 엄청 당했었죠', '전 군대 안가는데요', '여군?ㅋㅋㅋ', 'ㅎㅎ', '코인 노래방 좋아해요? 아 같이 가자는 건 아니고. 지금 코노 갈까하여ㅋㅋ', '자주가죠', '오 같이 갑시다ㅋㅋㅋ 언젠가ㅋㅋ', '죄송해요 그냥 있을게요', '저도 노래 부르는거 좋아해서… 전 혼자 갈게요 혼코노', '그러세요', '넹ㅎ 배고프다ㅠ 코노 가다가 돌아서 밥 먹으러 가는 중. 나중에 또 톡해요ㅎㅎ', 'ㅎㅎ']"
앙챗,단순채팅,chat0263,"['원래 아무말이나 하면서 친해지는거다?', '안녕하세요', '아침 일찍 일어난거야?', 'ㅇㅇㅇ', '아침은 먹엇어?', '먹었어요', '맜있는거?', '그냥 씨리얼', '20살이면 대학생이겠네', '저 16살인뎅', '중3?', '네 내년에 고등학교 올라가요']"
앙챗,단순채팅,chat0283,"['ㅎㅎㅇ', '안녕하세요', '네ㅎㅎㅎ 몇살이에요?', '나 16살이요', '아하 중학생? 학교에요?', '네 중3. 학교에요', '왜 학교에서 이거하고있엉ㅋㅋㅋ', '이거하면 안돼나여?', '아니 학교잖아요ㅎㅎ 수업들어야죠~', '넵 수업들으러 갑니당', '잘가용', '넵']"
앙챗,단순채팅,chat0284,"['안녕하시오!', '안녕하세요', '날씨 엄청 좋네요!! 그쵸?!', '맞아요 덥네요 심지어', '레알루다가 반팔 아니면 큰일남…', 'ㅎㅎ', '머해요 집이에요?!', '아뇨 수업듣고 있어요', '올ㅋㅋㅋ 인서울잼', '저 중학생인데요', '에헹? 커엽다ㅋㅋㅋ', 'ㅎㅎ;;;', '왜유ㅎㅎ 무슨 수업이길래, 이거 왜 하는거야ㅋㅋㅋ', '과학수업이에요', 'ㅋㅋ 이 어플 왜 하는겨', '왜여 어떤 어플인데요 그냥 채팅앱이라 받은건데?', '노잼어플 이라서ㅋㅋㅋ', '그러쿠나 너는 왜해?', 'ㅋㅋㅋㅋ해봤는데 걍 노잼이네', '그래요', 'ㅋㅋㅋ뭐 변태도 많고', '그런거 같아요', '좋지 뭐ㅋㅋㅋ', '?']"
앙챗,단순채팅,chat0286,"['하잉', 'ㅎ ㅇ', '걍친구?ㅈ ㄱ? ㅁ ㄴ?', '저 16살인데…?', '헐 20살이라고 써있는데', '그렇게밖에 입력이 안되던데', '아ㅋ 글쿠나 학교 안가요?', '넴 아파서 쉬고 있어요', 'ㅜㅜ어디가 아프길래?', '많이 안 아파요', '어플은 왜행? 남자친구 사귀려궁?', '채팅앱이라 받았어요', '앙 전화통화할래?', '아뇨 안할래요 죄송합니다', '넵', '넵']"
앙챗,단순채팅,chat0288,"['ㅎ ㅇ', 'ㅎ ㅇ', '모해??ㅎ', '수업듣고 있어요', '고등학교?? 대학교??', '내년에 고등학교 올라가요', '중3이야?? ㅎㅎㅎ', '네 16살', '아항ㅎㅎㅎ 수업들을만해??', '그냥저냥 듣고 있어요', 'ㅋㅋㅋ22살인데 너무 나이 많은 사람이랑 대화하는거 안불편해??', '대화하는데 불편할 것 까지야…ㅎㅎ', 'ㅋㅋㅋㅋㅋ성숙하네ㅋㅋㅋ 보통 불편해하던데', '그런가요']"
앙챗,단순채팅,chat0294,"['안녕 안녕하세요 반가워요', '안녕하세요', '머 해여??', '학교에서 수업듣고 있어요', '학교 어디에요??? 나랑 5키로면 가까울텐뎅 동덕여대인강???', '저 내년에 고등학교 올라가는데', '아 어린이구나!!! 반가워요 우리친구 공부 열심히 잘 하구 있어여??', '네 열심히하려구요', '꿈이 뭐에요?', '아직 모르겠어요', '구정중다니는가?', 'ㅎㅎ마음대로 생각하세여', '점심은 급식 드셨어요??', 'ㅇㅇㅇ', '무슨 수업 시간이에요?? 사진있어?', '영어 하고 있네요', '잘 나온 사진', '사진 없어요ㅎㅎ', '있잖아요', '없어요', '넹넹 그래영 주말인데 뭐 할거에요???', '아직 계획 없어요', '공부는??', '오늘은 학원 안가는 날이라', '안할건가여??', '오늘은 쉬려고 하는뎅…', '흠 조금이라도 하는게 좋지 않나요?', '오늘 어짜피 학교에서 늦게 끝나서 안해도 될 거 같아요ㅎ', '고등학교는 어디 갈거에요?? 자사고?? 특목고?? 몇 시 끝나길래요??', '그냥 근처 갈거같은데요', '인문계요?? 별로 관심이 없어요??', '네 공부를 잘 못해서ㅎㅎ 공부 잘하시나보네요', '공부 안한지 오래됐어요. 저는 운동 좋아해요. 좋아하는게 뭐에요?', '딱히 좋아하는게 없네요ㅎㅎ;;', '왜 없지', '그냥 이것저것 생각을 안하나보니까 그런거 같은데', '영화 보는거 뛰어 노는거 등등 남자친구 업서여??', '남친 있어요', '우와 부럽네요 동갑인가요??', 'ㅇㅇㅇ', '진도는 어디까지 나갔어영??', '안알려줄건데', '넹넹 비밀인가여??', 'ㅇㅇ', '이거는 챗은 왜 하는거에여??', '그냥 채팅앱이라고 떠서 받은건데 따로 이유가 있는 앱인가용?', '아니요 그런건 모르겠어용', 'ㅎㅎㅎ', '그냥 보통 채팅 이런 어플 남자, 여자 만나려고 하는거 같아서요. 웃음은 뭔가 아는 웃음같네요', '그쪽도 여자 만나려고 하는건가용 뭘요??', '저느 그냥 대화. 그래서 ""대화해여""보고 말 걸었어요', '저두 대화하려고 깐거라…ㅎㅎ', '그렇군요 수업시간에 폰 해두 괜않아요?', '몰래 하고 있어요', '책 쌓아 놓고?? 남친이는 언제 만나요??', '내일 보겠죠', '머할려구여?', '계획없어요', '담배피거나 술 마사진 않죠??', '네 안그래요', '계쏙 쭉 그러지마여', '네 알겠어용', '공부도 열심히 하는 건 좋지만 그것보다 하고싶고 흥미롭고 재밌게 할 수 있는 걸 꿈으로 찾았으면…', '조언 감사합니다.', '메이크업이 좋으면 메이크업 아티스트, 옷이 좋으면 스타일리스트 모델 디자이너, 연기가 좋으면 연기자', '넵', '공부라는 건 자기 분야에서 최고가 될 수 있도록 하면 되는 것 같아요. 근데 영어 하나만은 중고등학교때 마스터하면 좋을 것 같아요', '너는 자기분야에서 최고가 되었나요?', '네네 맞아요최고가 되었어요', '멋지네요 최고라니', '넴넴', '어느 분야에서요?', '전 공부 안했어요', '그럼 어느분야에서 마스터했나요', '제가 하고 싶어하는 일을 위한 공부만 했어요. 비밀이에요. 예술 관련이에요. 그래서 중고등학교 때 영어만 해 놓을걸이라는 생각을 많이 했어요', '그렇군요. 뭔지 궁금하네요', '^^ 카톡 아디 알려줄레요??', '아뇨', '그래요 그럼 인연은 여기까지네용 반가웠어요 안녕', '넵']"
앙챗,단순채팅,chat0308,"['ㅎㅇㅎㅇ', 'ㅎㅇㅎㅇ', '넹 머하고 놀까요…?', '뭐하고 싶으신가요?', '님이 하자는거 하고 싶은데요!', '하고싶은거 없는데', '남친은 있으신지여', '없어요', '몇살이세요?', '저 16살이요', '와우 학교는요?', '지금 수업중이에요', '수업중에 앙챗해요? 공부 잘하는가봐요…?', '몰래하고 있어요', 'ㅋㅋ말편하게해요', 'ㅇㅇ', '좋아하는거 있는지…?', '뭐 가리는 거 없엉', '그렇군요 몇시에 집에 가는지요?', '한 4시 넘어서요']"
앙챗,단순채팅,chat0311,"['안녀영', 'ㅎ ㅇ ㅇ', '뭐해', '그냥 있어']"
앙챗,단순채팅,chat0324,"['님 집이에요?', '넵', '모하구 있는데요', '그냥 있어용 용건만 간단히ㄱㄱ']"
앙챗,단순채팅,chat0331,"['안녕하세요ㅎㅎ', '안녕하세요', '네~ 저녁 먹었어요??', '네 먹었어요', '뭐 먹었어요??', '그냥 밥 먹었어요', '내일 주말인데 뭐해요?', '계획없어용 용건만 간단히ㄱㄱ']"
국민어장,단순채팅,chat0333,"['1키로면 어디징', '몰라요', '그러게여 어디에요?? 오늘 추운데 나가면 따듯하게 입고가요', '네 알겠어요', '아니근데 무슨일있어요?? 화가나있어왴ㅋㅋㅋㅋㅋ', '아니에요ㅎ']"
국민어장,단순채팅,chat0335,"['대화할래여', '네넵', '뭐해요', '가만히 있어요', '19살?', 16, '아하, 집?', '학교', '집인줄 알았네. ㅎㅎ…', '학교에요']"
국민어장,단순채팅,chat0337,"['안녕하세요 혹시 라인할래욪?', '아니요ㅎ', '넹', '넵넵']"
국민어장,단순채팅,chat0340,"['똑똑 계세요?', 'ㅎㅇ', '뭐하고 있는지?', '그냥있어요', '나도 차에 그냥 앉아서 혼자 몰래 ^^;;', 'ㅇㅇ']"
국민어장,단순채팅,chat0342,"['뭔이야기할까', '아무거나?', '학교안다녀?', '다녀', '오늘안갓어? 통화하장', '통화는 안대요', '버노알려줭', '시러', '왜?', '그냥', '사진잇냐, 얼굴보여줘그럼', '사진 없어, 왜 자꾸 보여달래', 'ㅡㅡ궁금하니까 글지', 'ㅇㅇㅎㅎ;;', '아심심해…', 'ㅎㅎㅎ', '학굔데폰만져도되?', '몰래몰래', '나쁜애구나?ㅋㅋㅋ 학교끝나고 놀래?', '죄송해요', '웅']"
국민어장,단순채팅,chat0343,"['ㅎㅇ나랑 얘기해요', 'ㅎㅇㅇ', '학교에요?', '네', '오. 수업중인데 여기서 대화 가능한바보네요 대화가능한가보네요 잘못입력', 'ㅇㅇㅇ', '님도 치마 짤게 입고 다녀요?', '아니요', '님은 안그러는 구낭ㅎ 지금 무슨시간인가요?', '수업시간', '웅.ㅎ남친은 있어요?', 'ㄴㄴ', '그럼. 경험같은건 없겠군요', 'ㅎㅎ', '요즘 그 또래 경험있는친구들 많죠?', '그럴걸요', '님은 순진한쪽이구나.ㅎㅎ 치마길이도 짧지않고ㅎ', 'ㅎㅎㅎ', '여기 챗 하는친구들과 많이 얘기해봤는데 보통아니더라구요. 그래서 님도 당연 섹드립 좋아하는줄 알았어요 순진한분이셨넹ㅎ', '채팅 많이하시나봐요', '가끔 들어오죠ㅎ', '채팅 왜 해요?', '그냥. 별의별사람 다있는데 얘기하면 재밌는부분 있으니까요 그리고. 주변사람에게 못하는말들 여기서 편하게 할수도 있으니까요', '그러쿤요', '이런데 아니면 고등학생한테 경험있냐고 물어보겠어요? ㅎㅎ', '그런게 궁금한가 보네요', '그런것도 궁금하고. 대화하다보면 다른주제들도 얘기하죠..이런 얘기만하는건 아니고..', '그러쿠나']"
국민어장,단순채팅,chat0344,"['남친있냐', 'ㄴㄴ', '지역어디살아', '서울', '19살 맞아?', 16, '아아 고3인줄 여중임?', 'ㄴㄴ공학', '학교임 지금?', 'ㅇㅇ', '폰안내나', '몰래', '아 씻고나왔다 출근해야되서', '얼른 출근하셈', '해야지 개같다 월요일', '월요일 싫어', '나도 싫어', 'ㅇㅇ', '출근했다', '열심히 일하세요', '다녀온다', 'ㅇㅇ', '다녀옴', '안녕하세요', '너, 썸남오늘부터나다, 학원잘다녀와 알았지', '꺼지세요', '장난친거가지고, 너무한데', '저도 장난이에요', '진심이라고하면, 진심이라할꺼지', '너남친없다며', '없어요', '학원은뭐배워', '수학 영어 뭐 이것저것 다 배워요', '종합인가보네, 몇시까지해', '8시에 끝나요', '곧끝나네, 너한테 관심있는 남자는있나', '모르겠는데요', '연애한번도안해봤나', '아뇨 해봤죵', '몇번', '몰라두 됍니다', '집이랑, 학원이랑가깝나', '얼마안걸려요']"
국민어장,단순채팅,chat0346,"['안녕하세요 저는 25남자입니다 친하게지내요', '안녕하세요', '잘지내바요, 머해, 용ㅎ', '학교에요', '난 일중ㅜ', '열심히 일하세요', '라인되니? 오빠랑 같이 얘기하쟈', 'ㄴㄴ죄송함당']"
국민어장,단순채팅,chat0349,"['하위', 'ㅎㅇ', '뭐해용', '그냥 있어요', '학겨아녜여??', '학교에요', '말편하게해도돼요?', 'ㅇㅇ', '웅 누내 누ㅏ 히히', 'ㅎㅎ', '몰폰중이야?', 'ㅇㅇㅇ']"
국민어장,단순채팅,chat0352,"['ㅎㅇ', 'ㅎㅇ', '머해', '학교에 있어요', '아하 수업중??', '네 수업중이에요']"
국민어장,단순채팅,chat0354,"['그러게요 아무얘기나해요ㅋㅋㅋ 학교안갔어요?', '학교에요', '엌ㅋㅋㅋ안냈어요?', '네 몰래 하고 있어요', 'ㅋㅋㅋㅋㅋ못살아 심심해서요? 짜릿한말을 해드려야하나', '어떤 짜릿한 말이요', '야한걸로?', '괜찮아요', 'ㅋㅋㅋㅋ귀여우셔 문래동쪽이에요?', '아니요 모르셔도 됩ㄴ디ㅏ']"
국민어장,단순채팅,chat0356,"['반갑습니다', '안녕하세요', '네 반갑습니다ㅎ 모하세요??', '그냥 있어요', '학교는요???ㅎ', '학교에요', 'ㅋㅋ나이 많아도 상관없어요??', '만남 말씀하시는건가요?', '아니요ㅎㅎ 이렇게 대화하는거요', '대화에 문제가 있으려나요', '없다고 보죠ㅎㅎ 뭐 궁금한거 있으세요?', '딱히 없어용;;', '네ㅎㅎ 이 어플은 왜 하는거에요???', '처음 해보는데 잘 모르겠네요', '저도 처음이라서 어떻게 대화를 해야될지를 모르겠어요ㅜ', '저도 모르겠네요', '성인이면 야한대화도 하고 이럴텐데 아직 미성년자라서ㅠ', '죄송합니다ㅠ', '에이 죄송할거 없어요ㅎㅎㅎ 혹시 야한대화 좋아해요???', '안좋아해요']"
국민어장,단순채팅,chat0361,"['안녕하세요 반갑습니닷', '안녕하세요', '반가워요 학교아녜요?', '학교예요', '수업중?', '네 수업중이에요', '언제끝나요?', '한 3시쯤?', '오 일찍끝나넹?', '넴넴', '끝나고모해용', '학원에 가겟죠', 'ㅋㅋㅋㅋ, 찌든인생,ㅋㅋㅋㅋㅋ', 'ㅎㅎ;;', '운동다녀요?', '아뇽', '하긴시간이없겠넹', '시간이 없어요 학원가야해서', '오옹, 님은, 남자볼때, 마른몸매가좋아요, 좀 근육많은게좃아요', '별로 안가려요', '(사진), 이런건?ㅜㅜ', '별로 모르겠네요', '(사진), (사진), 이런건?', '별로네요, 몸에 자신있으신가봐요', '별로인가요, 아녀, 운동하구, 보여쥬고 평가받을데가, 없어성, 어떤식으로 만들면좋을까여', '잘 모르겠어요, 자기만족만 되도 좋은거죠 뭐', 'ㅠㅠ, 감사합니당, 수고하세용', '수고하세요']"
국민어장,단순채팅,chat0362,"['ㅎㅇ', '몸에 자신있어하는 분이네', '앗, 아까그분, 제가님땜에, 의기소침해져서, 아무한테도못물어보자나여ㅜㅜㅜ', '물어보지 마요 그냥 자신감을 가지라구요']"
국민어장,단순채팅,chat0363,"['심심하네요…', '저도요', '어딘가 놀러가고 싶어도!!!! ….덥…', '더 더워지겠죠', '그럼 녹아내려야겠죠ㅠㅠ', '맞아요', '에어컨에 아이스크림 그리고 ..이불.. 그안에서 누워만 있어야지원', 'ㅎㅎ', '님은 뭐하고 계세유', '학교에 있어요', '……….수업중에 몰폰을…?', 'ㅎㅎ', '대..대단하시네요 걸리면 뺏기는거 아니에유', '몰래몰래', 'ㅋㅋㅋ수업 재미없죠?', '재미 없어요', '대학따위…안가고 좋은 남자 만나서 빠르게 결혼!!!', 'ㅎㅎㅎ', '그게 최고가 아닌가 싶기도하고.. 뭐 요즘은 남자도 마찬가지지만요ㅋㅋ', '넴', '그런데 요즘도 일진? 이런게 있나요?', '저는 잘 모르겠네요', 'ㅇㅎ~~그럼 어쩌다 이곳에 가입하신거에요?', '그냥 이것저것 보다가', '….그냥 심심하셨구나…….ㄷㄷㄷㄷ', '네 그냥 해봤어요', '그….그래도 뭐…가끔 가까운 거리의 또래 남자애있으면 뭔가 재미나지않음?', '그렇긴하죠', '그러다 만나고…사귀고!!']"
국민어장,단순채팅,chat0364,"['뭐해?', '그냥 있어요', '고3이야?', '아뇨 중3', '아하 학교야?', '네 학교에요', '아하', 'dg', '급식맛있어?', 'ㅇㅇ', '올']"
국민어장,단순채팅,chat0369,"['심심해 놀자', '안녕하세요', '안녕! 머해?', '그냥 있어', '나 배고파 밥해줭', '시켜먹어', '너가 해준거 먹고싶음', '배달통 시켜먹어', '흐음 나갈동안 밥해놓으면 안돼?', '응 안돼', '너무해, 너도 해서 같이 먹으면 혼밥안하고 좋잖아', '혼밥이 어때서', '혼밥보다는 같이 먹는게 좋자나', '모르겠는데', '그냥 내가 싫구나??', 'ㅎㅎㅎ', 'ㅡㅡ맞나보네', 'ㅎㅎㅎㅎ', ';; 왜 웃기만해?', '구냥', '으흠 대답은 잘해주네, 밥은 안해주는데', '밥은 배달통', 'ㅋㅋㅋㅋㅋㅋ 너희 아부지 배달통사장님이냐?!', '배달통이 마동석이야 김준현이야?', '김준현이지 않나?', '그러쿠만', 'ㅋㅋㅋㅋ왜그래?', '뭐가', '몰라, 먼가 반응이 심심해서', '심심하면 배달통', '맞네, 너희 아부지 배달통사장님이시지? 홍보를 지리게하는구만', '아냐', '그럼 배달통 홍보 알바중이야?', '아니 좋은걸 좋다고 추천하는건데', '너무배달통만하니까 그러지… 배달의민족도 있자나', '배민은 1등이잖아, 2등 3등을 기억해야지', '이야, 하지만 세상은 일등만 기억해', '내가 기억해줄거야 1등 아닌 사람들', 'ㅋㅋㅋㅋㅋ 착하다', '인정해줘서 고마워', '너의 노력을 누군가 인정해줘야지 갑자기 훈훈한 분위기 뭐냐', '이 어플 원래 이런 분위기?', '몰라 너는 어떤 분위기를 원하는데?', '그냥 이런 분위기도 좋네', '원하는거 말해봐 그렇게 맞쳐줄게. 무시당했어…', '원하는거 없어', '그래서 나랑 안놀아주는거야?', 'ㅇㅇㅇ', '너무해…', 'ㅂㅇㅂㅇ', 'ㅂㅂ…']"
국민어장,단순채팅,chat0373,"['나랑 얘기할래요?', '네', '어떤얘기할까용?', '아무 얘기나']"
국민어장,단순채팅,chat0376,"['저기…', '안녕하세요', '네ㅎㅎ 뭐해요?', '학교에 있어요', '아 진짜 19살이신듯?', '16임', '거짓말', '그렇게 믿으세요', '뭔가 어두운이미지', 'ㅎㅎ;;', 'ㅎㅎ중3이시구나 급식 오늘 뭐나왔나요']"
국민어장,단순채팅,chat0379,"['하이', '안녕하세요', '안녕하셔요 학교안갔어요?', '학교갔어요', '지금, 학교?', 'ㅇㅇㅇ', '아하, 점심시간이겠네요', '넵', '몇시에끝나요?', '3시 넘어서?', '대학생이에요?', '아뇨 중학생인데', '헐 철겅철겅이네…', '철겅철겅', '끝나면학원가요?ㅋㅋㅋㅋ', '넴', '성실히사는구나…', '다 하는건데요', '파이팅해요 친구들이랑 떡볶이도 가끔사먹고', '넵', '파이팅', 'ㅇㅇㅇ']"
국민어장,단순채팅,chat0381,"['하이', 'ㅎㅇ', '반가용^^', '안녕하세요', '네네^^ 19살이세요? 바쁘신가?', '아뇨 중학생이에요', '에고 난 아저씨넹', 'ㅇㅇ 그러네요', '힝힝 그럼 나랑 못놀겠네요?', '그럴거 같아요', '힝', 'ㅎㅎ']"
국민어장,단순채팅,chat0383,"['ㅎㅇㅇ뭐하고계세요', '안녕하세요 학교에 있어요', '심심해요?', '심심하네요']"
국민어장,단순채팅,chat0385,"['하이요!', '안녕하세요', '모하구 있었어요?', '그냥 학교에 있어요', '아…점심시간이시구나?', '점심시간 끝났죠', '엥 점심시간 1시 40분까지 아니에요?', '난 일단 교실', '오홍….근데 왜 학교에서 이런걸 해요ㅋㅋㅋ친구들이랑 수다떠는게 더 재밌을텐데', '그냥 심심해서']"
국민어장,단순채팅,chat0388,"['엡 심심해엡', 'ㅎㅇㅎㅇ', '진짜 옆에 커플 많은거 보니까 극혐스…', 'ㅎㅎㅎ', 'ㅈ옆에가서 자기야 이남자 누구야 하고 갑분싸 만들고싶어…, ㅂㄷㅂㄷ…', '해봐요', '하.., 오늘봐준다 진짜.., 아ㅏㅏㅏ연애 하고싶어 신발도 양말도 짝이있데 난 짝이없어ㅓ왜!!, 흐얽ㅠㅠㅠㅠㅠㅠㅠ', '짝을 만들어보세요', '학교는…cc끝나서 불가능 답은 헌팅?..., 와꾸가 되야지…ㅠㅠ', '그럼 성형을 해봐요', '에바스 그렇게 까지 연애는 애바ㅋㅋ', '그러쿤용ㅎㅎ', '흐어ㅓㅓ넌 연애안해??', '하는뎅']"
국민어장,단순채팅,chat0392,"['그냥 일상대화 나누면서 친해지실래요?ㅎㅎ', '일상대화해요', '좋아요ㅎㅎ 반가워요 어라 색깔 민트로 변했어요', '그러게요 왜 그렇지', '좋은거 아니에요? 저도 민트색인데! 이쁘지 않아요?', '색깔 이쁘네요 산뜻하고', '그쵸그쵸 아 학교 아니셔요?', '학교에요', '아항 답이 빠르셔서 학교 아닌줄 알았어요', '몰래 하고 있어요', '아항 말 편하게 놓으실래요?', '편하게 하세요', '그래그래!! ㅎ ㅇ 도 편하게 해!!', 'ㅇㅋㅇㅋ', '그래그래 많이 편해졌는데 보기 좋네', 'ㅎㅎㅎ', '학교는 언제 끝나', '4시에 끝나는데', '오오 금방 끝나네 ㅎ ㅇ 는 이름뭐야? 나는 김경수야!!', '몰라두 댐 나 수업들어야겠당', '엌ㅋㅋㅋㅋㅋㅋㅋ 그냥 그럼 하이라 부르지 뭐. 잘 다녀왓!!', '근데 나 디게 어림', '19살 아냐??', '나 중3인데', '친구하는 건 상관없지 뭐', '그랭', '학교 끝났어?', '집에 가는 중', '옹 고생했어 저녁은 먹었어?', '먹었죠', '뭐 먹었어?', '불닭', '오 라면?']"
국민어장,단순채팅,chat0393,"['ㅎㅇㅎㅇ', 'ㅎ ㅇ', '안농 모해?', '학교에 있어요', '그럼 언제 끝나?', '한 3시 지나서?', '하이구 고생이네ㅠㅠ', '다 고생해는데욤…', '학생이 제일 힘들어~', '맞아요 그런거 같아요', '급식도 맛 없잖아', '급식 맛 없죠 정말', '맛있을때도 있어!!', '케바케', '나는 꽃게탕 좋아', '그렇군용', '스파게티!', '걍 뭐든 맛나면 좋아요', '소세지볶음!!!', 'ㅎㅎㅎㅎ', '너는 뭐 제일 좋아해?', '곱창 좋아해요', '곱창 개좋아… 곱창에 쏘주', '쏘주는 안 먹어봤어요', '쏘주는 아직 안 먹어도 돼', '알았어요', '근데 맛있어ㅎㅎㅎㅎ', '나중에 먹어봐야겠네용', '몇 달 안남았어', '아직 많이 남았는데… 저 중학생이에요', '음 그러면 그래도 뭐 일찍 마실수도 있는거지', '맞아요', '친구들이랑 마셔봐', '넴', '한 잔 하고 시프다', '한 잔 하세요', '저녁에 일 가서 시간이 안 돼', '그러면 못먹겠네요', '일요일날 먹어야지', '맛난거 드세요', '망했어', '?', '지갑 잃어버림', 'ㅎㅎ;;', '하 분실물센터에도 없어', '세상에나', '살고 싶지가 않다', '나중에 찾을 수 있을거에요', '아냐 못 찾아…', 'ㅜㅜ', '전화가 한 통도 없네', 'ㅎㅎㅎ', '으브브브브브브브', 'ㅜㅜ', '지갑 완벽하게 포기!!! 화가 난다ㅠㅠㅠ']"
국민어장,단순채팅,chat0394,"['안녕하세요', '안녕하세요', '네, 46먹은 대방동 사는 아찌입니다', '그러쿤요 저는 중구에 살아요', '네, 나이가', '저 학생이에요', '아ㅋ, 미안합니다', '뭐가 미안해여?', '나이 많은 아찌가 대화걸어서요', '그렇군요', '네', '넵', '즐거운 하루 보내세요', '넵 그쪽도요', '넵^^']"
국민어장,단순채팅,chat0397,"['안녕하세요', '안녕하세요', '네 반가ㅡ, 반가워요', '반가워요', '머하구계세요', '학교에 있어요', '언제끝나', '4시 넘엇?', '너예뻐?', '몰라']"
국민어장,단순채팅,chat0400,"['15분전 카톡 읽고 빵터졋네여', '무슨 카톡?', '아는지인카톡인데여, 진심 빵터질만함', 'ㄱㄱㄱ', '나보다 대략 7살이많게보이던사람 나이가 반전이고, 또나보다 나이5살정도많게보이던사람나이도반전임, 7살많게보이던사람나이는 저보다 8살어림, 5살많게보이는사람은 저보다 13살어림', '재미없는딩']"
국민어장,단순채팅,chat0406,"['안뇽', 'ㅎㅇㅇ', '모행', '그냥잇엉', '나는 밥 먹구왔당', '뭐 먹었엉', '학교 석식먹었징, 니 오늘 야자행?', '아니 학원인뎅', '아ㅋㅋㅋㅋㅋ오타야, 니가 아니라 나야…', '야자 언제까지?', '9시반!', '아직 많이 남았넹..', 'ㅎㅎㅎㅎㅎ, 너는 학원 언제 끝나??', '8시 넘으면 끝나요', '아항, 왜 존댓말 해ㅋㅋㅋㅋㅋ, 우리 동갑이자낭', '저 중3인뎅', '아 진짜??, 나이에 19라고 써있길래…', '나이는 그냥 막 햇어요', 'ㅋㅋㅋㅋㅋㅋ, 혹시, 야한거 좋아해?', '어떤거?', '섹스하는거, 생각있으면 만나서 할래?', '생각없어요', '아쉽네', '야자나 열심히해', '웅', 'ㅎㅎㅎ', '섹스하고싶으면 연락행', '안녕히 공부하세요']"
국민어장,단순채팅,chat0407,"['ㅎㅇㅎㅇ', 'ㅎㅇㅎㅇ', '뭐하구 있어ㅋㅋㅋ', '그냥 있어', '집?ㅋㅋㅋ', 'ㅇㅇ', '학교에서 야자 안하나 보네ㅋㅋㅋ', '학원가야해', '아 무슨 학원 다녀?', '그냥 종합학원', '오 공부 열심히하네ㅋㅋㅋ', '잘 모르겠네요 그냥 하고 있어요', '끝까지 열심히 해 안그러면 나처럼 재수한다ㅠㅠ', '재수하고 있어요? 저는 내년에 고1 돼요', '중3이었어? 나는 공무원 준비하고 있지', '넴 공무원 시험 어렵죠…', '그러게 많이 어렵네ㅜㅜ', '얼마나 하셨어요?', '1년 4개월 정도?', '뭐 봐요? 막 다르지 않아요 공뭔시험도?', '공무원도 직렬에 따라 다르지 나는 경찰 준비해서 한국사, 영어, 형법, 형사소송법, 경찰학개론 이렇게 준비해', '급이 따로 있어요? 직렬에 따라?', '그치그치 경찰은 일반순경이 9급, 간부시험은 7급', '간부시험 준비해요?', '아니 일반순경ㅋㅋㅋ', '언제 시험이에요?', '8월 31일', '얼마 안남았네요 화이팅해요', '넵 감사해요ㅎㅎ', '근데 왜 공부안하고 앱해요', '오늘 몸 아파서 쉬고 있어요', '그러쿠낭 푹 쉬어요', '넵넵', '넴', '학원 몇 시에 끝나요?', '8시 넘어서 끝날것 같아요', '아 그래도 엄청 늦게 끝나지는 않네요', '넴', '내일도 학교 가야겠네요', '네 가겠지요', '힘내세요', '시험공부도 열심히 하세요 오늘은 푹 쉬고', '넵넵']"
국민어장,단순채팅,chat0409,"['아녕~', '안녕하세요', '뭐하냐', '그냥 있어요']"
국민어장,단순채팅,chat0410,"['저랑 떠들어용', '안녕하세요', '안뇽하세용 어디 사시나용', '저 영등포요', '아항 영등포 예전에 자주 갔었는데ㅋㅋ', '그러쿠낭']"
국민어장,단순채팅,chat0411,"['안녕하세요', '안녕하세요', '우아 서울 사세요?', '네 서울 살아요']"
국민어장,단순채팅,chat0413,"['안녕', '안녕', '머해', '학원가는중', '저녁은?', '먹었음', '아', '?', '난 아직 안 먹었는데', '배달통 시켜먹으세요', 'ㅋㅋㅋ 밖이야', '아쉽다', '왜 ㅋㅋㅋ', '집이면 배달통 시켜먹을 수 있었을텐데', '그러게', '아숩당 아수어', '뭔 학원 다님?', '그냥 종합학원…내신 공부해야해성', '아 즐공해', '넴']"
국민어장,단순채팅,chat0414,"['안녕', '안녕', '요기서 뭐해 ㅎㅎ', '그냥 있어요', '뭐하러 깔았는지 물어봐도 돼요?', '몰라요 처음 깔아봤는데 뭐하는 데에요?', 'ㅋㅋㅋㅋ요기 이상한데에요 대부분 다 이상한 사람이구요… 그 한마디로 야한거 좋아하는 사람이 많이 오는 곳이에요 맞죠?', '그런거 같더라구요 그쪽도 이상한 사람?', 'ㅋㅋㅋㅋ저는 노래방 좋아하는데 혼자가는 건 별로인 사람ㅋㅋㅋ', '코노도 있는데 왜 별로지', '음 약간 이런거? 계속 연속으로 부르다보면 목도 빨리 가고 응응', '쉬었다 하면 대징', '앗 넹…', '좀 괜찮은 어플은 없어요?', 'ㅋㅋㅋㅋㅋ', '이상한 사람 없는…', '겪어본 결과 없어요', '그러쿠나 많이 해봤나봐요… 이상한 사람 많으면 안할법한데', '네 많이 해봤어요 음 톡하다보면 괜찮거나 말 통하면 만나기도 해봤거든요 나쁜 사람은 없었어서 계속 하는 중이에요', '만나서 뭐해용?', '데이트 할 때도 있고 술 마실때도 있고 그래요', '전 아직 어려서 안대요', '응? 어린 애기들은 그렇게 안하죠', '뭐해요 그러면?', '말했다시피 노래방도 가고 피시방고 가고 저같은 경우엔 상대성이라 상대한테 좀 맞추는 편이에요… 모든 사람이 그런건 아니에요', '그렇구나 ㅇㅇㅇ']"
국민어장,단순채팅,chat0416,"['무슨 이야기 하면서 놀까요', '아무 얘기나 좋아요', '아무 이야기라… 으음 좋아하는 게 뭐에요?', '저 곱창 좋아해요', '오옹 곱창 저도 좋아하는데 양념곱창', '저도 좋아해요']"
국민어장,단순채팅,chat0420,"['나 어때', '나가 누군데요', '아무얘기나하자해서, 개 짓거려븀', 'ㅎㅎㅎ', '너 이쁘냐', '한국인답게 생겼어', 'ㅋㅋㅋㅋㅋㅋㅋㅋㅋ, 난 무슨 필리핀사람처럼, 생겼냐', '몰라요', 'ㅋㅋㅋㅋㅋㅋㅋ, 나프사안뜸?, 마스크낀거로뜨나', '마스크낀거로 떠요', 'ㅋㅋㅋㅋ저건어때', '그냥저냥', '하, 외롭다', '왜요', '그냥 여친, 사귀고싶어', '사귀어봐요', '군인이라서, 뮷그래여ㅠ', '군대에요?', '넹', '군대에서 폰하는건가요?', '웅', '와 군대 좋다', '그치, ㅋㅋㅋㅋ', '훈련안해요?', '하지', '지금은 안하고?', '요즘은, 안해', '요즘은 뭐해요?', '요즘은, 그냥 별거안해, 그냥 근무서고, 그런거?', '그러쿠낭..심심하겠다', 'ㅋㅋㅋ응응, 놀아죠', '군대친구들이랑 놀아요', '너랑, 놀래', '군대 완전 편한가보네']"
국민어장,단순채팅,chat0421,"['안녕하세용', '안녕하세요', '뭐하세요?', '학원에 있어요', '19살이에요?', '아뇨 중3이에요 내년에 고1대여', '이ㅣ아, 어린분들도 많이하넹', '왜용?', '다들 어리시길래요', '어린 사람 많이 보셨나봐요', '한명뺴고 다 어렸어요, 중학생?정도 되는애들 되게 많던데', '아 그러쿠나']"
국민어장,단순채팅,chat0423,"['나이많아도 괜찮아요', '?', '나이많아서 안돼게지요', '뭐가 괜찮고 안돼요?', '대화요', '상관없어요', '네, 고마워요', 'ㅎㅎㅎ;;', '님', '넵', '우리 무슨 대화 할까요', '모르겠네요', '네, 난 대좋은데', '뭔솔>', '어린분하고 대화하는게 좋아서요, 아무 대화나 다 좋아고요', '그래요', '네', 'ㅎㅎㅎ', '이쁜공주님', '하지마세요', '네, 미안해요, 화나서요']"
국민어장,단순채팅,chat0426,"['43km면 가깝당ㅎㅎ', '43키로가 가깝다고요?', '가깝지 않아?', '아냐', '2시간 안이면 가깝지 않을까?', '그렇다면 가까운거고요', '융', 'ㅎㅎ', '19살이야?', '아뇨 낸년에 고딩돼요', '중3인거야?', '넴', '오옹 귀엽겠다', 'ㅎㅎㅎ', '셀카있어?', 'ㄴ ㄴ', '아쉽다', 'ㅎㅎ', '.']"
국민어장,단순채팅,chat0427,"['배고파', '밥 먹어요', '해주세요', '배달통이 있잖아요', 'ㅋㅋㅋㅋㅋㅋ누가 해주는거 먹고싶어', '배달통도 누가 해주는거야 배달도 해주잖아 심지어', '넌 내 맘을 몰라 붸', 'ㅎㅎ;;', '호호 심심하네', '뭐가 심심한데요', '집에 혼자 있는게 심심해', '나가서 바람이라도 쐬요', '그럴까', 'ㅇㅇㅇㅇ', '넌 지금 뭐해', '학원에서 공부해요', '헉 불쌍해', '왜용', '놀지도 못하고 학원이잖아', '다 그런데요 뭘', '난 안가는뎅', '학생이 아니니까', '학생인데?', '그러쿠낭', 'ㅋㅋㅋㅋ나 학생 아닌줄 알았어?', '나이 다 가짜인거 같던데', '오잉 그래? 너랑 동갑이야', '저 16살인데', '엥 너도 나이 속였구나ㅋㅋㅋㅋ', 'ㅎㅎㅎ', '호호호', ';;;', '왜 땀흘려ㅋㅋㅋㅋ', '그냥', '학원 언제 끝나']"
국민어장,단순채팅,chat0431,"['안녕하세요? 얘기할까요? 나이 많아도 괜찮아요?', '안녕하세요', '반가와요, 어떤 일 해요? 학생?', '학생이에요', '그래요? 시간 되니 보죠?, 되나', '지금 학교에요', 'ㅎㅎ쉬는 시간인가요?, 친구들이 곁에서 보겠는데', '수업중인데 몰래하고잇어요', '오~~!ㅎ 재미있겠네요, 졸리지는 않겠네요, 이것 하면서 이성도 만날ㅇ수 있고', '만나서 뭐해요', '아니 이렇게 대화로 만난다는 얘기지요', '그러쿠낭', '만난다면 데이트하고 연애도 하겠지요, 그렇게들 하지 않아요?', '그럴거같네요', 'ㅎ는 남자와 데이트 안하는가 봐요?', '수업들어야겟네요', '그래요 열심히 들으세요 파이팅!, 착한 학생']"
국민어장,단순채팅,chat0435,"['ㅎㅎ', 'ㅎㅎㅎ', '넹.ㅋㅋㅋ, 누나네요', '나 중3인뎅', '아.ㅋㅋ, 내오빠네..', 'ㅎㅎㅎ', '학교야?', 'ㅇㅇ수업듣느중']"
국민어장,단순채팅,chat0441,"['안녕~~~!!', '안녕', '모해~~ 학교야?', '수업듣고있어요', '무슨 수업인데?ㅋㅋ', '영어 수업', 'ㅜㅜ으으 듣기 싫게따ㅜㅜ 끝나고 학원가?', 'ㅇㅇㅇ']"
국민어장,단순채팅,chat0447,"['안녕하세요!ㅋ', '안녕하세요', '네 반가워요ㅋ 19이에요?', '안녕하세요', '인사 두번하시네요ㅋㅋ', '아 그러네요', 'ㅋㅋ학원이세요?', '학교 수업듣고 있어요', '신촌이에요? 동대인가', '몰라두대여', '안물어볼게요 띠동갑이네용 수업중에 해도 돼요?ㅋㅋㅋ', '몰래하고 있어요 전 내년에 고딩돼요', '잉? 띠동갑 이상인데ㅋㅋ 넘 아저씨잖아요 제가ㅜ', '그러네요', '열공하세요 점심 잘 챙겨먹고요!!', '알겠어요']"
국민어장,단순채팅,chat0449,"['안뇽하세요~', '안녕하세요', '지금 뭐하고 계셔요??', '점심 먹으려구요', '아아~', 'ㅎㅎ']"
국민어장,단순채팅,chat0450,"['하이', 'ㅎㅇㅎ', 'ㅋㅋ고딩이야?', '내년에 고딩돼요', '?중딩이야?', '중3', '학교에서 이거 하나보네', '몰래하고있어요', '음 학교 몇시에 끝나?', '4시 넘어서 끝나요', 'ㅇㅇ 너 예뻐? 키 몇이야', '안 예뻐요']"
국민어장,단순채팅,chat0453,"['하이루', '하이요', '학고에요?', '네 학교에요', '저도 할게 없어서 깔아서 해보는 중이에요', '네', '뭐해요?', '수업듣고 있지', '헥 수업시간이에요?', 'ㅇㅇ', '글쿠나', 'ㅇㅇ']"
국민어장,단순채팅,chat0456,"['안녕하세용', '안녕하세요', '방가방가 뭐하고 있어용', '수업듣고 있어요', '아 19살 고등학생이에여?? 수능 공부하느라 힘들겠넹', '아뇨 내년에 고1돼요', '앜ㅋㅋㅋㅋㅋㅋㅋ중3이었네', '넴', '넘 어리다앙', 'ㅎㅎㅎ']"
국민어장,단순채팅,chat0458,"['안녕하세요', '안녕하세요', '19살이에요??', '아뇨 16ㅣ에요']"
국민어장,단순채팅,chat0459,"['안녕하세요', '안녕하세요', '서울 사시나봐요?', '네']"
국민어장,단순채팅,chat0462,"['19살?', 'ㅇ?', '고딩?', '내년에 고딩돼요', '아 중딩이에여?', '넴 16살', '아아 요기서 뭐해요 친구 구해요?', '채팅앱이라 깔아봤어용', '우웅 어떤거 같아요', '잘 모르겠네요', '학교는 끝난거에요', '아뇨 수업중인뎅', '아ㅋㅋㅋ 수업중이구나']"
국민어장,단순채팅,chat0463,"['고3이야??', '??', '몇살??', '내년에 고딩돼요', '어디야 헿', 'ㅎㅎ', '라인함??', '안함']"
국민어장,단순채팅,chat0465,"['하이요! ㅋㅋ 어디에요 나 심심한디ㅋㅋ', '서울이요…', '서울 어딘데요?ㅋㅋ 나도 지금 서울인데', '영등포구', '가깝네요', '그런가요', '네ㅋㅋㅋ난 용산구에 있으니까', '거리감각이 없어요', '아 그래요? 영등포면 타임스퀘어 있는곳?', '지금은 학교에요 수업듣고 있는뎅', 'ㅋㅋㅋ 심심하가봐요', '재미가 없네요', 'ㅋㅋ수업이요?? 끝나고 재밌게 놀면대죠', '그럴까요', '그럼요ㅋㅋㅋ 왜 이리 축 쳐져 있어요', '그냥 의욕이 없네용', '왜요', '잘 모르겠어요ㅎㅎ', '끝나고는 뭐하게요?', '집에 가야죠', '왜요 끝나고 재밌게 놀지!', '그래야 겟당', '뭐하고 놀거에요?', '친구들이랑 생각해봐야죵', 'ㅋㅋㅋㅋ 잘했어요 의욕 만들어요 언능', '알았어요', 'ㅋㅋㅋㅋ 나도 의욕이나 만들어서 일이나 해야겠네요', '그럽시다', '말투가 애늙은이시네요', 'ㅎㅎㅎㅎ', '그래도 학교 금방 끝나겠네요', '그럴거 같아요', '학교는 다닐만해요??', '그냥 비슷해요', '뭐가 비슷해요', '그냥 뭐든 비슷해요', '의욕없구나ㅋㅋㅋ', 'ㅎㅎㅎ수업이나 들을래요', 'ㅋㅋㅋㅋ알겠어요']"
국민어장,단순채팅,chat0490,"['안녕하세요~', '안녕하세요', '뭐하고 계세요', '그냥 누워있어', 'ㅋㅋㅋㅋ 학생인가', 'ㅇㅇ', '좋지', '뭐가 좋아', '학생! 사람들 톡 오면 뭔 얘기해', '그냥 이런저런 얘기', '아하 너 연락 오래가는 편이니?', '아뇨 그런거 같진 않던데', '앜ㅋㅋ그렇구나 저녁은 먹었어요?', '저녁 먹엇어요', '말 편하게 해요!!!']"
국민어장,단순채팅,chat0492,"['심심해 ㅇ.ㅇ', '나도 심심해', 'ㅋㅋㅋ ㅠㅠㅠ 넌 남친있냥', '응 없어', '앜ㅋㅋㅋㅋㅋ난 썸녀랑 잘 안됐어ㅡㅡ후아아아아', '그러쿠낭', 'ㅜㅜ']"
국민어장,단순채팅,chat0499,"['하이!!!! 야한 이야기 할래?', 'ㅎㅇㅎㅇ', '안농안농ㅎㅎㅎ', 'ㅋㅋㅋㅋㅋㅋ왜ㅋㅋㅋㅋㅋ', '구냥']"
국민어장,단순채팅,chat0504,"['해보자', '뭘', '아무 얘기', '그러자', '학교임?', 'ㅇㅇ', '수업중?', 'ㅇㅇ']"
국민어장,단순채팅,chat0507,"['아무아무아무아무', '아무아무아무', '아무무아무무아무무아무무', '아무무', '애무애무애무애무애무애무', 'ㅎㅎ', 'ㅈㅅ', 'ㅎㅎ', '뭐해?', '수업듣고있어요', '헉 마저들어', '넴']"
국민어장,단순채팅,chat0508,"['웅', '웅', '모하니', '수업 듣고있엉', '폰 안뺏김?ㅋㅋ', '몰래몰래', '조마조마하네', '맞아요']"
국민어장,단순채팅,chat0513,"['목솔 좋은 성우 지망ㅎㅎ 라인?', '라인 안해요', 'ㅋㅌ 아디줄까요?', '아뇨 괜찮아요']"
국민어장,단순채팅,chat0520,"['안녕하세요', 'ㅎ ㅇ ㅇ', '머해', '수업들어', '학교지?', 'ㅇㅇ', '폰하지마라', '읔 네', 'ㅋㅋㅋㅋㅋ']"
국민어장,단순채팅,chat0523,"['하이유', 'ㅎ ㅇ ㅇ', '놀자', '뭐하고요', '머할까', '모르겠네영', '몇살 근디', '내년에 고등학교 올라가요', '중3이 학교도 안가구', '학굔데요', '학교에서는 친구랑 놀아야지', '알앗어용', '심심하다', 'ㅎㅎㅎ', '놀자', '뭐하구요', '너가 대화 주제를 만들어', '시른딩', '시르면 나한테 시집와', ';;', '미안;; 학교 언제 끝']"
국민어장,단순채팅,chat0524,"['안농! 맛점했어?', '안녕하세요', '웅 오늘두학교?', '네', '후웅 그렇구나 학교 열심히 가는 착한 학생이네… 끝나구는 모해?', '학원가는뎅', '오오 무슨학원?', '그냥 종합학원', '응 그래 나도 학원쌤이야', 'ㅇㅇ']"
국민어장,단순채팅,chat0526,"['머해 지금? 웅?', '수업들어요', '폰 만져도 돼?', '몰래하고 있어요', '나랑 하자 그럼ㅋㅋ', '넴', '너 학교 몇시에 마쳐? 뺏긴건 아니지?', '4시 넘어서?', '아 진짜? 인문계야?', '저 16살인데 내년에 고등학교 가요', '아 진짜? 19 아니였어?', '네 186살이에요. 16', 'ㅋㅋㅋㅋㅋㅋ 186살이라는 줄', 'ㅎㅎ', '지금 수업들어?', 'ㅇㅇ 수업듣고있어', '머 듣는데?', '국어', '쉽겠네', '??', '안 쉬어?', '어려워…', 'ㅋㅋㅋ 쉽던데', '난 어렵더라구', 'ㅋㅋ그럴수 있지', 'ㅎㅎㅎ', 'ㅎㅎㅎ 언제 쉬는 시간이야?', '곧 있으면', '그땐 대놓고 해도 되자너ㅋㅋㅋ', '지금도 거의 대놓고 하는거징', '진짜?', 'ㅎㅎㅎ', '대놓고 하는 거라고?', '걍 책상에서 안 보이게 하니까…', '너 키커?', '아니여', '그럼 작아? 몇인지 물어봐도돼?', '160정도', '나랑 16차이네ㅋㅋㅋ 근데 아담한 것도 귀여워', 'ㅎㅎ;;', 'ㅎㅎ 아닌가?', '모르겠네요', '알았어^-^', 'ㅎㅎㅎ']"
국민어장,단순채팅,chat0527,"['친구중에 이쁜 여자애 있어?', '왜요?', '소개좀;', '싫어요', '그럼 나랑 놀아줘', '뭐하고 놀아요', '너는 심심할 때 뭐해', '나는 지금 수업듣는뎅', '아니 평소에 뭐 운동이라던가 게임이라던가', '평소에 그냥 음악들어', '모야 음악추천좀', '그냥 순위권에 있는거 듣는뎅', '개노잼 넌 그냥 이런 톡 어플 하지마라 뭐하러하노']"
국민어장,단순채팅,chat0530,"['안녕~~', '안녕하세요', '밥 묵었어?', '네', '학교?', 'ㅇ', '공부하기 싫구나 채팅하고ㅋㅋ', 'ㅇㅇ', 'ㅋㅋ그래두 열심히 해야지 무슨시간인데?', '열심히 수업들으러 가겠습니다', '그래 열공해~']"
국민어장,단순채팅,chat0534,"['아무 얘기!', '아무 얘기', '머하까여ㅋㅋ 고민상담?ㅋㅋ', '그래요', '고민있어요? 아님 내 고민?ㅋㅋ', '뭐 편한대로', '저는 진지한 고민있어요 제 나이가 29살인데 고래를 잡아야하나 말아야하나 고민중이네요', '잡지마세요', '안잡는게 좋은가요? 물어보는 사람마다 달라서', '몰라요 구글에 검색해봐요', '아 넵ㅋ 님은 고민없어요', '딱히 없어용', '아 네네 남친있나요??', 'ㅇㅇ', '고래 잡았어요?', '잘 모르겠는디용', '아 아직 안해보셨어요?', '안 말해줄거에요 저 16살이에여…', '보통 다 하던데요 그때… ㅋㅋㅋ 저도 첫 경험이 15살인데ㅎㅎ', 'ㅎㅎㅎ', 'ㅋㅋㅋ 해보셨죠?', '말 안할거에요', 'ㅋㅋㅋ 그래요 뭐 저만 오픈된걸로… 하하 민망하군요', 'ㅎㅎㅎ', 'ㅋㅋㅋㅋ뭐함?', '수업듣는데요', '아하 학교시구나', '넵넵', '아하 저는 집에서나체로ㅋㅋㅋㅋ ㅈㅅ', '저는 수업을 듣고 있어요', '원래 수업들을 때 발기가 많이 되더라구요', '이상한 신체네요', 'ㅋㅋ 남자들 다 그래요 ㅋㅋㅋㅋ 자고 일어나면 벌떡…', '아 수업시간에 쳐 자시는구나', '네 많이 쳐잤죠', '그렇구낭', 'ㅋㅋㅋㅋ 넌 19살이니', '내년에 고등학교 올라가요', '아 그렇군요… 많이 쳐 자도돼요 갈 대학은 많으니까…', '네 알겠어용', '네', '넵', 'ㅋㅋ언제끝나요?', '좀 이따가', '아하 끝나고 뭐해요 데이트?', '집에 갈 거에요', '아하 조심히 가요ㅋㅋㅋ', 'ㅇㅋㅇㅋ', '우후후', '왜용', '그냥요ㅋㅋㅋ', '그래요']"
국민어장,단순채팅,chat0538,"['오아', '오아', '반가워요', '저도 반가워요', '학교에요?', '넵 학교에요', '카톡하실래여', '카톡 안대여ㅎㅎ']"
국민어장,단순채팅,chat0541,"['안녕하세용ㅎㅎ', '안녕하세요 봐서 뭐하나요?', '나 반가워요 ^^ 학생이신가봐용ㅎㅎ', '네 학생이에요', '뭐하고 있어요? 학교에요? 저는 일 중이에요', '이제 집에 가요', '고생 많았어용 엄청 덥죠?', '오늘 덥네요']"
국민어장,단순채팅,chat0543,"['ㅎ ㅇ', 'ㅎ ㅇ', '뭐해', '집에 있어요', '반말해ㅋㅋ 집에서 뭐하는?', 'ㅇㅋ 그냥 있는데', '밥은', '먹어야해', '저녁?', 'ㅇㅇㅇ', '그동한 뭐하게', '그냥 있을건데 왜', '그냥 게임같은거 안함?', '롤 하는뎅', '티어 어딘데', '잘 못해요 그냥 AI전만 해요', '레벨이 몇인데?', '잘 안해서 기억도 안나는뎅', 'ㅋㅋㅋ뭐야 같이 하자할랬더니', 'ㅎㅎ 죄송해요', '아냐 뭐가 죄송해', '그냥요', '별게 다 죄송하다', 'ㅎㅎ', '아 진짜 요즘 금욕생활을 오래했더니 헛것이 다 보이네ㅋㅋㅋ', '왜', '한달동안 금욕했더니 돌아버릴거 같아', 'ㅋㅋㅋㅋ', '그만해야되나', '그만해요 마음대로 해요', 'ㅋㅋㅋㅋㅋㅋ 개 시크하네', 'ㅎㅎㅎ', '너무했어ㅋㅋㅋ', '쏴리', '이런대화 안 좋아하는 줄 몰랐잖아', '지금이라도 알았으니', '알았으니?', '다행이라구', 'ㅋㅋㅋㅋ 아무얘기라고하면 변태들 존나 올텐데', '그런거 같아요', '아무나라고 하면 안됌', '그러면 뭐라고 해야하나요', '정상인들만 이라고 해야 됨', '그러쿠낭', '응', '조언 땡큐', '이게 뭐가 조언이야ㅋㅋㅋ', 'ㅎㅎㅎ', '밥 언제먹어?', '이제 먹으려구요', '밥 맛잇게 먹어~', '넴']"
국민어장,단순채팅,chat0544,"['헬루 누낭', 'ㅎ ㅇ', '안뇽하세용', '안녕안녕', '넹 누나', '난 16살인뎅', '진짜? 나 17', '오빠네', '웅ㅎㅎ', 'ㅎㅎㅎ', '모행', '나 집인데', '웅', '웅', '아항ㅎㅎ 넌 야한거 좋아행?', '넌 야한거 좋아해?', '좀', '그러쿠낭 난 잘 모르겠어', '별루 안 좋아하나???', '그냥 저냥인거 같아', '구랭 넌 얼공 안행?', 'ㅇㅇ 너는 왜 안해', '기나하면 할겡', '나 안할건뎅', '힝', 'ㅎㅎㅎ', 'ㅎㅎ힝 하장', '난 안할거니까 너는 하고 싶으면 행']"
국민어장,단순채팅,chat0545,"['기분 나쁘셨다면 죄송합니다. 진심 죄송해요… ㅠ', '뭐가요?', '그냥 심심해서 톡 드리는데 방해했을까봐요', '방해아님', '뭐하고 있는중에요?', '집에 있어요']"
국민어장,단순채팅,chat0548,"['반가워요', '안녕하세요', '넹', 'ㅎㅎ', '어디 살아요? 잠시 통화땜시 늦었네여', '서울 살아요', '좋은데 사네요', '별로 안 좋아요', '서울 어딘데요 저는 살고 싶어도 못 하는데', '영등포쪽 살아요', '영등포 자주 갔는데, 수원에서 20분이면 가서ㅋㅋ', '그러쿤용', 'ㅋㅋ 짐 뭐해용? 밥 먹었어용?', '밥 먹어야해요', '뭐 먹어요', '배달통 시켜먹으려구요', '혼자 살아요? 배달통이라니, 뭐 먹게여?', '아뇨 가족끼리 같이 사는뎅', '아항 저는 자취해서 자주 먹거든요 배달어플로ㅋㅋ', '넴…', 'ㅎㅎ 몇살이에요?', '저 내년에 고등학교 가요', '아이쿠 소녀분이구나 고민없어영?', '딱히 없습니다', '잘사나봐영', '잘 못사는건데', '헐 근데 고민이 없다니 그게 더 부러워요', '그냥 살아가는거죠 뭐']"
국민어장,단순채팅,chat0550,"['그러자궁 영등포면 좀 가깝네', '넵넵', '19살이에여??', '아뇨 내년에 고등학교 올라가요', '헐…', 'ㅎㅎ;;', '그러면 중3인거네', '정답', '오케 사실 나도 고1이야', '아 그래여']"
국민어장,단순채팅,chat0553,"['안녕하세요!', '안녕하세요', '안녕하세요! 식사는 하셨습니까!', '식사했어요', '오 뭐드셨는지 여쭤봐도 되것습니까!']"
국민어장,단순채팅,chat0560,"['뭐해여 영등포 사시네 학교에요?', '네 학교에요', 'ㅋㅋㅋ 학굔데 왜 이거해여 쉅 안해여?', '몰래 하고 있어요', '잌ㅋㅋㅋㅋ', 'ㅎㅎㅎ', '심심하네여', '뭐라도 해봐여', '뭘 할까요 누구 보고 싶은데', 'ㅎㅎㅎ', '옛끼 심심해ㅠㅠ', 'ㅠ ㅠ']"
국민어장,단순채팅,chat0561,"['안녕', 'ㅎ ㅇ', '모해', '수업듣고있어', '뭔 수업 듣지마 내가 다 알려줄게', 'ㅎㅎㅎ', '뭐 알려줄까', 'ㅎㅎ 안날려줘도 됨', 'ㅋㅋㅋㅋㅋ오올 다 알아냈나보네', 'ㅇㅇㅇ']"
국민어장,단순채팅,chat0562,"['안녕', 'ㅎ ㅇ', '머해', '수업듣고 있어', '남친있어?', 'ㅇㅇ', '있는데 어플하냐', '어플하면 안댐?', '남친이 좋아할까?', '모르겠어요', '안 좋아하지!!', '그러쿠낭']"
국민어장,단순채팅,chat0568,"['ㅎㅇㅎㅇ', 'ㅇㅎㅇ', '모해요?', '수업듣고 있어요', '아… 고등학생이구나', '내년에 고등학교 올라가요', '그럼 중딩?ㅋ', 'ㅇㅇ']"
국민어장,단순채팅,chat0572,"['하자', '뭘', '얘기, 영등포', 'ㅇㅇ', '뭐해 학교야?', 'ㅇㅇ', '학교에서 모하고 있어', '수업듣고 있어', '무슨수업들어', '영어', '수업 잘 듣고 있어?', 'ㅇㅇㅇ', '몰폰하는구만? 폰 뭐바', 'ㅇㅇ', '뭐야 이상한거 봐?', 'ㄴㄴ저 16살이에요']"
국민어장,단순채팅,chat0573,"['안녕', 'ㅎ ㅇ', '^^ 오늘 학교 안가셨어요?', '아파서 집에서 쉬고 있음', '이런… 어디가 아프세요? 날씨도 좋은데… 전 일하지만', '그냥 몸이 안좋네요', '이런 병원은 다녀왔어요?', 'ㅇㅇ', '열?', 'ㅇ', '챗 자주해요? 난 일하면서 하니까 시간은 잘 가네요. 같이 말 놓으면 안될까요? 자판치기 힘들어요', 'ㅇㅇㅇ', 'ㄳ ㅋ오늘은 집에서 쉬려고?', '아프다고 학교에 얘기했어', '누워있겠구나 식사는?', '아침은 머금', '잘했네~ 죽 사서가야되나 했지ㅋㅋ', 'ㅇㅇ', '뭐 좋아해?', '뭐 딱히 호불호 없음', '웅 보통 챗 할땐 무슨 이야기함? 대화할 때 조심할께 있나해서', '잘 모르겠어요 챗을 많이 해보지 않아서', '네 나도 뭐 시간 떄우려고 시간은 잘 가니까', 'ㅇㅇ', '솔직히 챗은 야한 이야기가 주류를 이루는 거 같어ㅋㅋ 대부분은 그렇지만 특히 여기', '그렇군요', '원래 안 좋은 음식이 더 맛있잖아요', 'ㅇㅇㅇ', '좀 어때? 열 좀 내려갔어요?', '그런거 같아요', '다행이네 영등포 사셔요?', '네 영등포살아요', '전 그 동네 잘 몰라요ㅋㅋㅋ 영등포 롯데만 앎. 인문계?', '아뇨 내년에 고등학교 올라가요', '엥??? 중3???', '네', 'ㅋㅋ 야한이야기 했으면 민망할 뻔 했네요. 한번 이야기 시작하면 막 나오니까…']"
국민어장,단순채팅,chat0574,"['안농 영등포인가봐? 몇살이니, 19살? 야', 'ㅎ ㅇ ㅇ', '엉 헐 뭐얔 갑자기 2키로인거지 9키로였는데 너 학교니', 'ㅇㅇㅇ', 'ㅋㅋㅋ어디다님 관악고는 아닐테고 난 관악고밖에 몰라… 선유고일려나 선유고 가까운딩', '전 내년에 고등학교 올라가요', '아 16살이야? 닌 영등포 어디 살아? 되면 라인이나 톡 어때 영등포사람끼리… 안들어오네', '라인 톡 잘 안해요', '닌 키 몇', 160, '마른편?', 'ㅇㅇㅇ', '흠 넌 욕구에 솔직한편이니? 아직 16이라 애매하려나', '잘 모르겠네요', '나 지금 영등포구청역인데 너랑 1키로래ㅋㅋ', 'ㅇㅇ']"
국민어장,단순채팅,chat0575,"['입원중인데 심심함ㅠ', 'ㅇㅇㅇ', '안냥ㅋㅋㅋㅋ뭐해??', '그냥 있어', '학교?', 'ㅇㅇ', '폰 안냈나보네ㅋㅋ 카톡할래??', '카톡 안해요']"
국민어장,단순채팅,chat0581,"['몇살이에여', '16살이요', '어이쿠 수고해요ㅋ', '넵', 'ㅎㅎ']"
국민어장,단순채팅,chat0582,"['안녕', 'ㅎ ㅇ', '고3?', '내년에 고등학교 올라가', '아 중3', '네', '지금 뭐해', '그냥 있어요', '학교야?', 'ㅇㅇㅇ', '수업중이야?', '네', '수업 안듣고 이거하는거야?', '몰래몰래', '나두 몰래몰래ㅎㅎ', 'ㅎㅎ']"
국민어장,단순채팅,chat0584,"['안녕하세요!', '안녕하세요', '넹', '넹넹', '뭐하고 계세여?', '학원에 있는뎅', '으잉??', '왜요', '아녀 그.. 그냥여', '넹', '누나', '저 16살인뎅', '앜ㅋㅋ 너두 말 놔', 'ㅇㅇ']"
국민어장,단순채팅,chat0585,"['반가워요ㅋㅋ', '반가워요', 'ㅎㅇ몇살이에요? 전 29', '저는 내년에 고등학교 올라가요', '아ㅋㅋ 나이 많은사람 싫겠어요 지금 학교?? 전 도서관~', '그러쿤용', '공부 잘해요??', '잘 못해요', '전 못해요ㅋㅋ 학교는 몇시에 끝나요? 라다나 성격 소심한 성격?', '그런거 같아요']"
국민어장,단순채팅,chat0588,"['안녕하세요ㅎㅎ 친하게 지내요ㅎㅎ', '안녕하세요', '하이용', '넵 하이요', '모하세용', '그냥 있어요', '심심하다', '저두 심심하네요', 'ㅠㅠㅠ 놀아줘용', '뭐하고 놀아줘야 하죠', '톡이용', '그래요', '아디좀요', '이걸로 톡하자는거 아니에요?', ';;;', '다른건 안해용', '너무해', '왜요', '아니에용', '넴']"
국민어장,단순채팅,chat0593,"['얘기해요', '네 그래요', '뭐해요??', '집에 있어요', '글쿤~~ 음~~ 무슨 얘기를 하지?', 'ㅎㅎ', '급 고민중…']"
국민어장,단순채팅,chat0598,"['안녕', 'ㅎ ㅇ', '뭐해요', '아무것도 안함', '제일 행복한 일 하네', 'ㅎㅎㅎ', '고3 안힘드냐', '저 중3인뎅', '엥 19라고 적혀있어서… 고3인줄', '16임', '헐…', 'ㅎㅎ;;', '중3이면 아니 이게 몇살 차이야…', '니 나이가 몇살인데', '8살 많아ㄷㄷ…', 'ㅎㅎㅎ', '별로구나', 'ㅇㅇ', '그려~']"
국민어장,단순채팅,chat0606,"['안녕요', 'ㅎ ㅇ ㅇ', 'good', 'ㅎㅎㅎ', '머해여??', '수업듣고 잇어요', '아 고등학생이시구나', '내년에 고등학교 올라가요', '아아 중학생이고 너무 부럽고', 'ㅎㅎ네', '무슨수업중?', '과학이요', '과학 재미없어?', '어렵네용', '뭐 수업시간에 폰하는게 제일 재밌긴 하죠?', '맞아요ㅎㅎ', '수업 언제 끝나여?', '4시 넘어서?', '근데 폰하면 안들켜?', '몰래 하는거죠', '들키면ㅋㅋ 뺏겨?', '네 뺏기죠', '컨트롤 중요하겠네', 'ㅎㅎㅎ', 'ㅋㅋㅋㅋ곧 쉬는시간 아닌가', '맞아요', '파이팅', '넵 고마워요']"
국민어장,단순채팅,chat0607,"['모해?', '학교에 있어요', '학교에서 폰 안 걷나 보네… 작년까진 걷었는데', '안내고 몰래 하고 있어']"
국민어장,단순채팅,chat0610,"['하이요', 'ㅎ ㅇ ㅇ', '머하고 계셔용', '학교에 있어요', '아아 학생이구나', '네 학생이에여', '부럽다ㅠㅠ 아 진짜 난 고딩때 놀기만해서 돌아가고 싶어요ㅋㅋㅋㅋㅋ', 'ㅎㅎㅎ 저는 내년에 고등학교 올라가요', '아머야 19살도 아니고 16이었어?', '네 16', '띠동갑이다 애기애기하네', 'ㅎㅎㅎ']"
국민어장,단순채팅,chat0618,"['심심해?', '심심하네요', '나도 ㅠ 학교안가?', '학교에요', '공부잘해?', '아뇨 잘 못해요']"
국민어장,단순채팅,chat0620,"['지금 뭐해?', '수업듣고 있어요', '나도 ㅋㅋㅋ', '그러쿤용', '수업 지겹다']"
국민어장,단순채팅,chat0621,"['하이', 'ㅎ ㅇ', '뭐해요', '수업듣고 있어요', '학생이에요?', '네 내년에 고등학교 올라가요', '중학생이에여?', 'ㅇㅇㅇ', '아아', '넵넵', '심심하네요', 'ㅎㅎㅎ', '안 심심해요?', '저도 심심해요', '뭐 하고 싶은거 있어요?', 'ㅎㅎ 딱히 없어요', '좋아하는 건?', '음악듣는거 좋아해요', '아앙', 'ㅎ', '다른건', '뭐 딱히 없네요ㅎㅎ', '움']"
국민어장,단순채팅,chat0623,"['안뇽 뭐해요', 'ㅎ ㅇ ㅇ 수업들어요', '헐 서울사시네, 엄청 멀다 고딩이세염?', '네 서울살아요 내년에 고등학교 올라가요', '아니아니 중3 헐 중2시네 전 대구살구 고2에여', '중3이에여', '네넹 그쵸, 수업시간에 폰 해두 돼요?', '몰래하고 있어요', '아하 조심해요 ㅜㅜㅜ 쉬는시간 언제에요??', '곧 이쓰면 쉬는 시간이네요', '심심하겠다', 'ㅎㅎㅎ', '서울 좋겠다', 'ㅎㅎㅎ', '좋아하는거 있어요??', '모르겠네요', '움 그럴수 있죠 쉬는시간 인가봐요?', '다시 시작해요', '아햐ㅠㅠㅠ 열심히 하구와요']"
국민어장,단순채팅,chat0626,"['메롱', 'ㅗ', '존나 쿨쓰원샷', 'ㅎㅎ', '시발!', '왜요', '센척해봤엉', 'ㅇㅇ', '심심해', '알았어', '심심행', '나도 심심해', '왤', '구냥 수업듣기 싫어', '듣지마 그럼', '공부해야지..', '안하면 돼', '난 수업들을래', '듣지마', '알았어', '야호', 'ㅎㅎ', '빨리 재밌게 해줘', '시러 나 재미없는 사람이야', 'ㄴ력해봐', '싫어 내가 왜', '시름마', 'ㅇㅇ']"
국민어장,단순채팅,chat0627,"['유미니?', '?', '맞아?', '그냥 막 지은거야', 'ㅋㅋㅋㅋ먼가했넼 머하늬 학교늬', 'ㅇㅇㅇ', '폰 해도 되늬', '몰래하고있엉', '걸리면 어케되냥', '뺏겨', '하루? 일주?', '기한은 선생님 맘대로', '나예전에 중딩때 반년인가 뺏겼었는디', '대단하네', '곧 점심시간이겠네', 'ㅇㅇ', '몰폰이라 단답이구만!', 'ㅇㅇ;;', 'ㅋㅋ 원래도 단답?', '길진 않아요', '반말해두댕', 'ㅇㅇ', 'ㅋㅋㅋ개시크하넹', 'ㅎㅎ 미안', '멀 미안해 괜츈 시크녀 좋아함', 'ㅎㅎ', '근데 공부도 안하고 이거 하넴 많이 심심하구나? 아님 외롭거낰ㅋ', '그냥 심심해서…', '무료하구나 인생이, 하긴 인생이 자극적이여야지 재밋지', 'ㅎㅎㅎ', '작은 일탈이라도 해바! 친구들끼리 간단히 술이라든가ㅋㅋ', '중3이 술이라녀', '난 중2때 마셨는디', '그렇군여', '엉ㅋㅋ 근데 서울애들은 거의 다 마시지 않나', '전 안마셔요', '서울쪽은 초딩때부터 뗄꺼 다 뗐다던디 남친은?', '없어요', '아예 안사귀어본거?', '지금 없는거']"
국민어장,단순채팅,chat0628,"['어디사세요???', '서울이요', '모하고 계세요ㅎㅎ 이시간이면 학교일텐데ㅋ', '맞아요 수업듣고 잇어요', 'ㅋㅋㅋㅋ모하고 싶은거 있으세요?', '딱히 없네요', '놀아드리고 싶은데 궁금한거 없어요?', '잘 모르겠어요', '그럼 공부 열심히 하세요~']"
국민어장,단순채팅,chat0629,"['아무아무아무', 'ㅎㅎㅎ', '아침부터 뭐해, 밥은 먹고 하니', '밥 먹어야해요', '그치? 학교지? 언능 묵어 배고프것따', '넴', '맛잇게 묵어ㅎㅅㅎ', '넴넴']"
국민어장,단순채팅,chat0630,"['하이영', 'ㅎ ㅇ', '몇살이양', '나 16살', '아 한살어리넹ㅋㅋ 학교 안갔어??', '학교야', '아 몰폰중이라서 느린건가 답장이', 'ㅇㅇ', '난 또 딴사람 노느라 못하는 줄ㅋ', '그렇지 않음', '걍 쉬는 시간에 연락혀', 'ㅇㅇ']"
국민어장,단순채팅,chat0632,"['하이요 방가워요…', 'ㅇㅇ', '영등포 어디에요ㅎㅎ', '안알려줄거에요', '네', '넵']"
국민어장,단순채팅,chat0633,"['하이', 'ㅎ ㅇ', '웅웅ㅎㅎ 오늘 어디 안가니', '난 지금 학굔데?']"
국민어장,단순채팅,chat0636,"['안녕쟈기', '안녕하세요', '웅안녕요 식사해떠요?', '이제 먹으러 갑니다ㅂㅇ', '어딜째, 궁금한게 이떠', '뭐요?', '왜 까칠해, 나한테 왜구래', '밥이나 먹어여', '빱죠', 'ㅎㅎ', '밥머꾸왔어?', '네']"
국민어장,단순채팅,chat0639,"['안녕하세요ㅎ', 'ㅎ ㅇ ㅇ', '머하구있써?', '수업듣고 있어요', '학교야?', 'ㅇㅇㅇ']"
국민어장,단순채팅,chat0642,"['안녕하세여!', '안녕하세요', '혹시 고등학생이신가여??', '아뇨 내년에 고등학생되어여', '하하 고민같은거 있나여', '딱히 없는거 같아요', '음…', '어플을 시작한 이유는 뭐예용?']"
국민어장,단순채팅,chat0643,"['웅안농', '안농', '모하고잇오', '학교에 잇오', '나둥', '그러쿠낭', '웅마자 개시로', 'ㅎㅎㅎ', '심심스', '나도 심심', '오늘 모할거야', '계획없는딩', '학원안가냥', '오늘은 안가', '글쿠마이 궁금한거 없냥', '뭐 없는데 궁금한거', '밍', 'ㅎㅎㅎ', '오늘모하지', '모르겠는딩', '밍 넌 모할꺼얌 계획없댔지', 'ㅇㅇ그냥 쉴거 같은데', '알겠졍', 'ㅎㅎ', '나왔당 버스야 멀미나', 'ㅎㅎ', '왤케ㅎㅎ거리냥', '구냥', '웅ㅇ 궁금한거 생기면 물어봐 모하냥']"
국민어장,단순채팅,chat0646,"['하잉', 'ㅎ ㅇ', '그냥 편하게 대화해요 ㅎ ', 'ㅇㅋ', '날씨 진짜 급격히 더워진다', 'ㄹ ㅇ', '태양이 눈치가 없음 ㅋㅋ', 'ㅎㅎㅎ', '19살이면 고3인감??', '나 16인데 중3', '엌ㅋㅋㅋㅋㅋ 어장나이인줄ㅋㅋㅋ', 'ㅎㅎ', '중3이라 진짜 어리다잉ㅋㅋ', 'ㅎㅎㅎ;', 'ㅇㅅㅇ;;;', '하고자 하는 용건만 간단히 rr']"
국민어장,단순채팅,chat0647,"['ㅎ ㅇ 어디사세요', '저 서울살아요', '멀리사네요 대구살아요', '머네여', '네 혹시 카톡하시나요', '카톡 안알려드릴건데 저 학생이에여 16살', '네']"
국민어장,단순채팅,chat0648,"['ㅇㅅㅇ 오늘도 안갓어?', '아니 학굔데', 'ㅋㅋ 공부해 그롬', 'ㅇㅇ 알았어', ' ']"
국민어장,단순채팅,chat0651,"['어떻게 하면 돈을 잘 벌까?', '잘 모르겠는데', '1년째 노는 중ㅜ 편의점 알바해서 겨우 밥먹고 원룸비내고 버스타고 아 ㅆㅂ 담달부터 공장 취직하까?', 'ㅇㅇ 취직해야겄다', '고마워', '고맙긴 뭐', '여기 여자들 거의 남자 알바생ㅋㅋㅋㅋ 여자 없어 몇달동안ㅋㅋㅋ', '그렇구낭']"
국민어장,단순채팅,chat0653,"['ㅎㅇㅎㅇ', 'ㅇㅎㅎㅎ', '모해요?ㅋ', '수업듣는데요', '아ㅜㅜ 싫겠다']"
국민어장,단순채팅,chat0657,"['안녕', '안녕', '응 머해?', '수업듣고 있어요', '아ㅋㅋ 걸리면 어뜩할라고', '몰래몰래', 'ㅋㅋ이거 자주해?', '아니 많이는 안해', '글쿤 만난적은?', '나 학생인데? 16살', '학생이라도 만날수도 있지머ㅋㅋ 근데 많이 어리긴 하네', 'ㅎㅎ', 'ㅋㅋㅋ보통 무슨 얘기해 여기서?', '사람들이 야한 얘기 많이 하는거 같아요', 'ㅋㅋ 채팅이니까 머 다 그렇지, 너도 야한얘기 좋아하자나ㅋㅋ', '야한 얘기 별로 안 좋아하는데', '구래?ㅋㅋ']"
국민어장,단순채팅,chat0658,"['안녕하세요', '안녕하세요', '뭐하고 계세요?', '수업듣고 있어요']"
국민어장,단순채팅,chat0663,"['ㅎ ㅇ', 'ㅎ ㅇ', 'ㅁ ㅎ', '그냥 있음 용건만 간단히ㄱ', '우리사이에 용건이 어딧어 연락하는거지 자기야;', '? 죄송합니다 싫어요', 'ㅋㅋㅋㅋㅋ 아 반응 무엇', 'ㅎㅎㅎ', '나 놀아조']"
국민어장,단순채팅,chat0667,"['안뇽 나두 19! 반가웡ㅎㅎ', '나 16살인뎅', '괜찮앙 머하구있어', '그냥 있는데', '아 벌써 집이야?', 'ㅇㅇ', '넌 이 어플 언제부터 시작했냐', '얼마 안됐어']"
국민어장,단순채팅,chat0668,"['안녕하세요, 아재랑도 괜찮아요? 안되면 삭제요ㅜㅜ', '뭘 하는건가요?', '아무 이야기나 하자는 메시지보고 쪽찌했는데ㅎ 아무래도 탈락인가보네요; 즐거운 불금되세요!', '넵']"
국민어장,단순채팅,chat0675,"['심심해요! 저랑 놀아요!', '뭐하고 놀아요', '머하는거 좋아해요?', '잘 모르겠네용', '네?', '네']"
꿀톡,단순채팅,chat0688,"['칭구 구행?', '네 안녕하세요', '웅 친구 구하는중?', '네~', '어떤칭구를원하길래', '그냥요', '웅 칭구라 내가해주고싶어도못해주겠네 ㅎ 거이다 정상없는데 100명중 1명꼴']"
꿀톡,단순채팅,chat0694,"['즐겁게 보낼수 있나여', '안녕하세요', '지금은 학교이낭', '아 네~', '수업시간이낭여', '아니요', '그럼 쉬는시간이낭여', '점심이요', '자기는 고딩', '아 중3이요', '네 중딩이라공 자기는 무엇을 좋아하낭']"
꿀톡,단순채팅,chat0700,"['안녕하세요', '안녕하세요', '반가워요^^ 정말숫잣예요?ㅎㅎ', '숫잣이 뭐예요?', '숫자요^^', '무슨 말이세요? 이해를 못했네 ㅎ', '나이는 숫자일뿐이라면서요?ㅎㅎ', '아~', '어떤분 찾아요?', '딱히 그런 건 없어요..', '저하고 앤도 될까요?', '앤이요 ㅎㅎ', '안되나요?ㅎㅎ', '너무 갑자기라..', '어떤스타일 좋아해요?', '뭐 정해놓고 그런 건 없어요']"
꿀톡,단순채팅,chat0702,"['안녕하세요? 나이많아도괜찮은지~', '안녕하세요~', '방가~ 고3인가요? 여기서어떤사람찾는건지~', '아 중3이에요~', '18살로되있던데 넘어린데 또래친구찾나요?', '아 가입할 수 있는 제일 어린 나이가 18살이라서요..', '어떤대상찾나요? 대화만할상대?', '잘 모르겠어요', '여기서대화하는상대들은거의만남이나성관계인데잘못가입하신듯~', '아저씨도 그런 목적이신가요', '꼭그렇진않지만 남여간의대화하다보면서로의채우지못하는빈자리를채워줄수있는대상을찾고만나는거죠 아직어려서이해못하겠지만. 부모님은 다 계시죠? 혹시 부모님이 사이가 안좋으신건지~ 답답하면 언제든 쪽지줘요. 맘에 두지말고 내가 해줄 수 있는 조언은 해줄테니까', '네']"
꿀톡,단순채팅,chat0705,"['안녕하세요!', '안녕하세요~', '머하세용?', '딱히 하는 건 없어요', '혹시 라인이나 톡 가능한가용?', '아 그건 싫어요']"
꿀톡,단순채팅,chat0713,"['하이', '안녕하세요', '머하고있어요?', '그냥 있어요 ㅎ', '학교안가요?', '네~', '아..ㅎ 그냥있으면 안심심해요?', '뭐 그럭저럭이요.. 뭐하세요?', '채팅하죠ㅎㅎ', 'ㅎㅎㅎㅎ', '음..ㅎㅎ']"
꿀톡,단순채팅,chat0718,"['반가워요~ ^^', '안녕하세요~', 'ㅎㅎ 네~ 18살이세요? ㅎ 고등학생?', '16살, 중3이에요~', '학교는 끝났어요? 요즘은 몇시에 끝나죠?', '아까 점심 때 나왔어요', 'ㅋ 땡땡이? 뭐 하려구요?', '네 ㅋ', '뭐 재밌는 일 있어요? 아님..상습적인 땡땡이? ㅋ', '아뇨 ㅎ 아무일도 없어요', '그럼 그냥 상습적인 걸루~~ㅋㅋ 그럼 지금 뭐해요? 날 참 좋네요', '그냥 있어요~', '집이에요? 혼자? 안심심해요?', '혼자 있는데 밖이에요', '밖에서 뭐하고 있어요? 스벅?', '아뇨 ㅎ 진짜 그냥 있어요', '길거리에?', '네', '다리 안 아퍼요? 어디라도 들어가지', '괜찮아요', '그냥 길에 있는 게 좋아서 그러는 거에요? 걷는 게 좋아서?', '딱히 할게 없어서요', '집에서는 학교 땡땡이 친 거 몰라요? 다리 아프겠다~ 몇시까지 방황(?)할 예정이에요? ㅋㅋㅋ ㅎㅎ 집에 가셨나', '아 이제 봤네요', '설마 아직도 방황 중이에요?ㅎ', '그냥요ㅎ', '배는 안고파요?ㅜ', '조금요', '음식은 뭐 좋아해요?^^', '다잘먹어요', 'ㅋㅋ그래도 한가지 고르라면? ㅠ집에 갔어요? ']"
꿀톡,단순채팅,chat0719,"['칼답?', '안녕하세요', '와 진짜 바로 답오네?ㅋㅋ', '네 ㅋㅋ', 'ㅋㅋㅋ 뭐해?', '그냥 있어', '학교 마치고?', '네~', '집에있겠네?ㅋㅋㅋ', '그냥 밖에 있엉~', '밖에? ㅋㅋㅋ 왜 집에 안가구~', '딱히 할게 없어서', '배회중이야 그냥?ㅋㅋ', '넹ㅋㅋ', '심심해서 어떡해?ㅋㅋㅋ', '괜찮아여']"
꿀톡,단순채팅,chat0731,"['ㅎㅇ', '안녕하세요', '심심', '저도요 ㅎㅎ', '지금어디', '영등포쪽이요']"
꿀톡,단순채팅,chat0733,"['ㅎㅎ안녕 나도 괜찮을까 나이를 떠나서 친구저럼 얘기 나누고 놀면 돼잖아^^^^', '안녕하세요~', '응 반가워 ㅎ 지금은 학교야 집이야 ㅠ', '밖이에요~', '아 그럼 친구들 하고 놀고 있겠네', '뭐 혼자 있어요~', '아니 왜 혼자야 ㅎ', '그런데 진짜 65살 이에요?', '너 나이때는 치구들과 어울려 소다도 떨구 재잘거리 한창 재미있게 놀땐데 ^^^. 응 맞어 나이 많은 사람 싫지 않아 ㅜ', '아 60대는 처음 보긴 봐요', '싫으면 얘기 안해도 괜찮아', '아 그런 건 아니고요', '아그래 나도 아직 어린 학생과 대화는 첨이야 난 학생에게 부담 주기는 싫어 ㅎㅎ', 'ㅎㅎㅎ 저는 16살이에요', '에구 진짜 너무 귀엽겠다 ^^^. 내 손녀 뻘이네 ㅋ. 근데 거리가 꽤 가까운데 어디살어 난 서울 금천구 독산동에 사는데 ㅎ', '영등포쪽이요~', '오 그래 나도 영등포쪽에 좀 살았어 공원쪽에. 근데 친구들 없어 혼자있게 ㅋ 심심하겠구나 ㅎ', '네 그냥 있어요', '친구들 하고 어울리는거 싫어해. 그리고 취미는 뭐니 ㅠ', '뭐 딱히 없어요 진짜', '그래 더 심심하겠다 ㅎ 사실은 나도 친구들 없어. 주변엔 전부 도박하는 사람들뿐이니 사귈 친구도 없더라구. 나는 경비일하고 있어 혼자 직장다니며 조금 외로운걸 직장다니며 달래지 ^^^^ 다나양은 학교에서 야자 수업 안해 ㅎ']"
꿀톡,단순채팅,chat0738,"['굳모닝~~~~잘 잤어요?^^', '아 안녕하세요', '어제는 집에 잘 들어갔어요?', '네ㅎ', '오늘은 학교 안갔어요? ㅋㅋ아침부터 땡땡이?', '학교예요', '아~~~ㅋㅋㅋ설마 오늘도 떙땡이 예정이에요?', '모르겠어요', '학교 재미없어요? 수업이 재미 없어도 친구들이랑 노는 건 재밌지 않아요? 수업시간?ㅋㅋㅋㅋ', '그런건 뭐 상관없어요', '수업시간에 핸펀 할 수 있어요?^^ 몰래?', '그쵸 ', 'ㅋㅋㅋ스릴 있겠는데요~~무슨 수업시간?', '영어요ㅇ', 'ㅋㅋ재밌어 하는 과목 뭐에요?', '영어여', '언어..를 좋아하는군요~영어 잘해요? 좋겠다~~ 재밌는 영어시간이라 열공 중이시군요', '공부해야죠', '오~~오늘은 얼공녀..컨셉?ㅋㅋ', '그러려고요ㅎ', '오~~~땡땡이녀에서 열공녀로~~~~ 그럼 나도 강제로 열일모드 해야 되나요?ㅋㅋ', '그러셔요ㅎ', '그럼 열공하다 심심하면 말 걸어줄래요?ㅋㅋ. 점심 맛있게 먹었어요? ^^', '아 네~', 'ㅋㅋ급식? 맛있게 나와요? ^^', '네 ㅋㅋ']"
꿀톡,단순채팅,chat0739,"['안녕 ^^', '안녕하세요~', '웅 잘잣어 모하니?', '학교예요', '아그래 샘한테걸리면 어쩔려고 ㅎ ', '안 걸려요ㅎ', 'ㅎ웅 아찌 이쁜이보고싶어어', '어떻게요?', '밤새보고싶어혼낫어ㅎ', '아;;^^', 'ㅎ정말이야 잠잘라고누우니깐 자꾸자기생각 상상하게되는거야 그래 잠설치고ㅎ', '예', '수업끝나면쪽줄거지?', '아뇨 싫습니다~', '아 그래', '^♡^']"
꿀톡,단순채팅,chat0744,"['ㅎㅇ', '안녕하세요', '머해요', '채팅하죠', '어디살아요?', '영등포요', '멀리사네요', '아ㅎㅎ', '멀어요', '어디 사시는데요', '천안', '아하', '멀죠?', '조금? 왜여', '아닙니다', '넵', '고딩임?', '16살이에요', '중딩?', '넵', '어리군요', '맞아요ㅎㅎ']"
꿀톡,단순채팅,chat0746,"['ㅎㅇ요~', '안녕하세요~', '뭐해용?ㅎ', '그냥 있어요 ㅎ', '집이에요?', '밖이에요~', '학교가 아닌가봐용?ㅎ', '아 점심 때 나왔어요~~', '아하. 조퇴??', '네~', '아프신가ㅜ', '아 그런건 아니고요 ㅎ', '집가는 길인가요 그럼?', '그냥 밖에 있어요~', '머지 ㅋ. 땡땡이 치고 노는중인가 ㅎ', '네~', '혼자 땡땡이? ㅋ', 'ㅇㅇ', '어디놀러 가실라고 ㅋ']"
꿀톡,단순채팅,chat0747,"['반가워용', '안녕하세요~', '반가워용. ㅎㅎ몇살이새용', '저 16살이요~', 'ㅎㅎ 어디살아요', '영등포쪽이요~', '저돈데', '아 어디신데요', '성심병원쪽이요', '아 대방동쪽에 있는건가', '아뇨 영등포시장쪽', '아 잘 모르겠으… 저는 당산 쪽이요']"
꿀톡,단순채팅,chat0756,"['머행', '안녕하세요 그냥 있어요', '심심하다 ㅠ', 'ㅎ', '뭐하고 놀까', '몰라요', 'ㅠㅠ 흑흑너무심심']"
꿀톡,단순채팅,chat0790,"['반가워요~^^', 'ㅎㅇ', 'ㅎㅇ 18살?', '저16살이요', '나 30인데 괜찮아?', '뭐 하실려고', '아니..뭐 할려는 건 아닌데. 너가 싫어할 수도 있잖아. 넌 뭐 하고 싶은 거 있어?', '아뇨', '나이 많은 거 싫지는 않아?', '딱히', '그럼 좋지~ 너도 편하게 말놔']"
앙챗,단순채팅,chat0803,"['저녁으로 탕수육먹을까 치킨먹을까', '안녕하세요', '왠 인사? 광고냐?', '아니요', '저녁 먹었어?', '아뇨', '그럼 너라면 저 둘 중에 뭐먹을래?', '안 먹을래', '어 난 방금 탕수육 시킴. 심심이도 너보단 길게 말하겠다.', 'ㅋㅋㅋㅋㅋㅋ 빵 터짐. 뭐야 왜 채팅하냐.', '동네 친구 찾을라고. 좀 재밌고 까진 친구로 ㅋㅋㅋ. 종종 퇴근하고 술 같이 먹음 좋잖아.']"
앙챗,단순채팅,chat0810,"['발리 가봄?', '안녕하세요', '하이요', '네', '발리 가봤어요?', '아 네 ㅋㅋ', '오 어때요?', '좋죠 ㅎㅎ', 'ㅋㅋㅋ 얼마나 갔다옴?? 발리 어디?', '가봤어요? 저는 꾸따랑 우붓 덴파사르 쪽', '가려고요 9월에', '네', '우붓이랑 마지막 이틀은 그냥 쉴거라 지명도 모르네요 아직 ㅋㅋㅋㅋ 숙소만 정해놨거']"
앙챗,단순채팅,chat0826,"['안녕하세영', '네 안녕하세영', '반가워요 ㅎㅎㅎ 일중이세용?', '저 중3이에요~', '아아고동생… 난 29인데…', '네~', '나이차이가넘많구나ㅠㅠ', '몇살인데요', '29살요..', '아 네']"
앙챗,단순채팅,chat0830,"['ㅎㅇ', 'ㅎㅇ', '어디에요', '교대쪽이요', '소개글부탁드려요', '저 중3이구요', '네', '또 뭐..', '이거하는이유가머에요?', '그쪽은요', '만나고싶어요?', '잘모르겠어요', '이거 거의 100프로 만남가질려고하는 어플이에요. 관계가지고싶어요?', '…', '아니져? 이거어플하지마욥!!!']"
앙챗,단순채팅,chat0832,"['님 얘기좀해요', '안녕하세요', '네 안녕하세요 방가워요', '네', '네 나이가?', '중3이요', '네 학교세요?', '아뇨 밖이요', '네 옷은 어떻게 입고 있으세요?', '교복이요']"
앙챗,단순채팅,chat0834,"['하잉 난 역삼동 반가', '안녕하세요', '소개좀 ㅋ', '저는 중3이에요', '아 학교예요 지금?', '아뇨', '땡땡이?ㅋ지금 그럼 어디?', '네 교대쪽이요', '거기서 뭐해?', '그냥 있는데', '커피숍?코노?길거리?', '그냥 밖에', '혼자?', '네', '친구는 왜 없어 ㅠㅠ 애들 학교끝날때까지 기다리려공?', '뭐 몰라요', '라인해? 카톡교환할랭?', '아 싫어요', '심심할까봐 전화통화해줄려고한건데 ㅠ 걍 밖에 있으면 심심하잖아. 담배펴?', '아니요', '나도 안펴. 술은?', '그런건 왜 물어봐요', '그냥 알아가는거지. 처음 만났으니까. 물어보는건데 걍.', '목적이 뭐예요', '친해질려고. 너는 목적이 뭔데요? 친해지면 같이 놀려는거지. 나 여친없으니깐.']"
앙챗,단순채팅,chat0847,"['ㅎㅇ 안뇽', '안녕하세요', '응 집?', '밖인데요', '밖에서머행?', '그냥 있어여', 'ㅎㅎ 통화가능해?', '왜요', '심심도하고. 통화하구싶어서.', '저 중3이에요', '그냥저나하는건데 ㅜㅜ', '뭐할라고요', '얘기하는거지 ㅜㅜ', '싫어요']"
앙챗,단순채팅,chat0850,"['하이하이~^^ 반가워용', '안녕하세요', '넹~~ 뭐하고계셨어요', '그냥 있어요', '나른한 오후네요', '그러게요 ㅎ', 'ㅎㅎ강남쪽 집이신가봐요?', '교대쪽이요', '아~~ 저는 강남역 쪽 회사에요', '가깝네요 ㅎㅎ. 아 저 중3이에요', '그쵸~~ㅎ 아 진짜요 그럼 학교는?', '끝났죠', '아~~^^ 그렇구낭. 신기하네요.']"
앙챗,단순채팅,chat0872,"['안녕?', '하이', '아침 먹었어?', '아침 안 먹어요 원래', '아침에 바빠서 거르는 스타일이구나?', 'ㅎㅎ 습관이돼서', 'ㅋㅋ 나도 그래 일어나고씻고하면 안먹게 되더라고. 지금 학생인거야?', '중3이에요', '아진짜? 고등학교 준비로 바쁜거 아냐?', '아뇨 괜찮아요']"
앙챗,단순채팅,chat0874,"['님', 'ㅎㅇ', 'ㅎㅇ 뭐하세여?', '그냥 있어요', 'ㅋㅋ몇시에 일어났는데여?', '빨리일어났죠', '전 방금일어낫거든요 배고파요 ㅠㅠ', 'ㅋㅋ', '이제뭐하려구여??', '저 중3이에요', '헐 그럼 학교가겟네요', '학교에요', 'ㅋㅋㅋㅋ 근데 뭐야 이거 왜해영??', '그쪽은 이거 왜 하는데여', '심심해서여 ㅋㅋ']"
앙챗,단순채팅,chat0884,"['ㅎㅇ', 'ㅎㅇ', '혹시 찾으시는게? ㅎ', '네?']"
앙챗,단순채팅,chat0894,"['하잉', 'ㅎㅇ', '무슨일하세요', '저 중학생인데', '헐 학교안가고 뭐해요?', '그냥 있어요', '집에?', '밖에', '아.. 이거 어플은 왜해요? 남자만나려고요?', '몰라요', '이뻐?', '용건만 간단히', '용건? 뭐 필요한데?']"
앙챗,단순채팅,chat0895,"['안녕하세요', 'ㅎㅇ', '만남?', '정확하게 어떤 만남?', '뭐든요, 어떤분 찾는지 몰라서 여쭤봤어요. 대화신지.', '딱히 없어요', '페이는 아니시잖아요 ㅎ 그럼 대화죠']"
앙챗,단순채팅,chat0901,"['앙뇽~', 'ㅎㅇ', '심심해', '네네', 'ㅋㅋㅋㅋ뭐해요', '그냥 있어요', '점심은 드셨나유', '네', 'ㅋㅋㅋㅋ 말걸지말까요?', '왜요', 'ㅠㅠㅠ귀찮아하시는거같아서..', '아 그런건 아닌데', '그럼 정색하지마요!! ㅋㅋ']"
앙챗,단순채팅,chat0905,"['ㅎㅇ', 'ㅎㅇ', '지역이?', '교대역쪽이요', '네 나이랑 소개좀요', '16살이요', '학교 안다님?', '네']"
앙챗,단순채팅,chat0910,"['안녕하세요', 'ㅎㅇ', '어디세요?', '교대역쪽이요', '아 가까우시네여']"
앙챗,단순채팅,chat0912,"['안녕하세요', '안녕하세요', '아네 반가워요 소통하다 친해지면 만날수있어요', '네~', '아네 고마워욤 ㅎㅎ 남친있어요', '아뇨', '아네. 지금 고딩-대딩요. 편하게 소통해요', '저 중3이에요', '아네 예쁜나이네욤. 하고픈것도많죠. 한달용돈얼마쓰세요', '별로 없어요', '용돈은요 취미는요 미안하지만 키 체중은요', '키 체중은 왜요', '굼금한데 이야기하기싫으면안해도되욤. 삼촌이선물해도될까욤', '뭘요']"
앙챗,단순채팅,chat0913,"['안녕하세요~', '네 안녕하세요', '소개 좀 부탁드려요~', '먼저 말씀하세요', '저는 강동쪽 살구요 평범한 직장인이에요', '저는 교대쪽이고요 중3이에요', '네~ 집이세요?', '아뇨 밖이에요', '아~ 더우시겠다 학교는 다녀 오셨어요?', '네']"
앙챗,단순채팅,chat0928,"['안녕하세요', '안녕하세요', '퇴근하시나요? ㅎ', '저학생이에요', '우와부럽다 ㅠㅠ ㅋㅋ', '중3이에요~', '아아~~ 그래서 더 부럽네요…']"
앙챗,단순채팅,chat0933,"['ㅎㅇ', 'ㅎㅇ', '웅 방가워', '네네', '웅 모해?', '그냥 있는데', '클쿠나 몇짤?', 16, '그래 학원 안갔어?', '안 다니는데', '그래 너 공부 잘해?', '아니', '그럼 어디살아', '교대', '글쿠나']"
동네친구,단순채팅,chat0935,"['안녕하세여', '안녕하세요~', '뭐하고 계세여?', '채팅이요~']"
동네친구,단순채팅,chat0936,"['안녕하세요 반갑습니다', '안녕하세요~', '네네 반가워요 어디사세요?', '영등포요', '어떤친구 원하시나요?']"
동네친구,단순채팅,chat0937,"['안녕하세요 반갑습니다', '안녕하세요', '친해지고싶어 쪽지보냇어요~~^^ 날씨가 좋네여 학생이시겟어여?', '네 중3이에요', '아하 수업중에 톡하나바여ㅡㅡ', '네~', '남친은 이써여?', '아니', '취미나 조아하는건 모야? 오빠는 오디 산책 놀러가는거']"
동네친구,단순채팅,chat0943,"['안녕하세요 ㅎㅎ', '안녕하세요', '네ㅎㅎ반갑습니다ㅎㅎ 일하고계시나요?ㅎㅎ', '저 중학생이에요 ㅎ', '아 ㅋㅋ 너무애기다ㅜㅜ']"
동네친구,단순채팅,chat0945,"['잘생기고 키큰 남자입니다 지역도 같네요 ㅎㅎ', '안녕하세요', '같은 지역 살아서 더 반갑네요 ㅎ 이쪽에 오래 살았어요?', '네~', '일은 쉬고 계신건가요? ㅎ 전 오늘 쉬어요', '저 중학생이에요', '아하 ㅎㅎ 이십 초반 써있어서..ㅎㅎ 학교에요?', '네', '20 초반으로 쓴 이유가 있을까요? 뭐 찾고계신거 있으세요?', '쓸 수 있는 제일 어린 나이가 20이라서요', '아하 여기가 그렇구나 친구 찾고계신거에요?', '네']"
동네친구,단순채팅,chat0948,"['안녕하세요~~', '안녕하세요', '뭐해요? ㅎ 잉?', '점심먹었어요']"
동네친구,단순채팅,chat0950,"['안뇽하세요', '안녕하세요', '일중이세요?', '저 중학생이에요']"
동네친구,단순채팅,chat0951,"['이야기해요', '안녕하세요', '너무 외로워요', '그래서요', '도와주세요', '뭘요', '화나셨어요?', '아니요', '지금 뭐하고계세요?']"
동네친구,단순채팅,chat0954,"['가깝네여~ 여의도 살아여 ㅎ', '안녕하세요', '네 맛점 했어여?', '네~', '학생?', '네 중학생이요']"
동네친구,단순채팅,chat0957,"['안녕하세요', '안녕하세요~', '좋은 날씨입니다요', '네^^', '머하시고 계신감요?ㅎㅎ', '채팅이요~', '집에서 누워서??ㅋ 학생?', '아 네, 중학생이에요', '앜ㅋㅋ20대 초반이래서 20대인줄 ㅋㅋ 학교겠네요', '네~', 'ㅋㅋㅋ그럼 15살?', '16이요', '악 철컹철컹. 여기서 사람도 만나봤음?', '오늘 처음 가입했어요', '아하 또래는 없을텐디']"
동네친구,단순채팅,chat0960,"['안녕하세요', '안녕하세요', '네 반가워요. 답주셧네 ㅎㅎ', '네~', '학생이세요?ㅎ', '네 중학생', '헐 애기다 학교 아닌가요?', '아니에요', '아.. 우리 연락하고 지낼까요?', '왜요', '친해지면 놀러가고 싶어서요.. 흠 말안할거면 삭제 ㄱㄱ']"
동네친구,단순채팅,chat0962,"['하이,', 'ㅎㅇ', '반가용', '네~', '<본인사진 전송, 상반신 옷입고 있는 셀카>', '뭐예요', '네그남 히히 ']"
동네친구,단순채팅,chat0967,"['안녕하세요 ^^', '안녕하세요', '어디사세요~?', '영등포요~', '가깝네 ㅋ 난 관악구~ 나이가?', '중3이요~', '귀엽겠다~', '나이가?', '20~! 나도 그 나이로 가고싶네 ㅎ 바쁨?', '아 쪽지가 많이 와서', '인기녀네ㅋㅋ']"
동네친구,단순채팅,chat0968,"['안녕하세요~', '안녕하세요', '네 ㅋㅋ 몇살이에요?', '16살이요', '26? 아님 16. 16이죠?', '네 중3이에요', '아항 ㅋㅋㅋ 난 18살. 머하구잇어?']"
동네친구,단순채팅,chat0969,"['대화해여~', '안녕하세요', '네 안녕하세요~', '네', '영등포구쪽에 지내세요??', '네~', '저는 안암 친구집에 잠깐 있어요~ 심심하고 가까워서 연락드렸어요~^^', '아', '저녁은 드셨어요?? 오늘 하루종일 집에 계셨나???', '아 저 16살이에요..', '20대초 아니에요?ㅋ', '저게 제일 어린 나이 설정이 20살이라서요', '네. 성인될때까지 최고 고2까지는. 공부열심히하세요~ 조아하는고나♡']"
동네친구,단순채팅,chat0970,"['안녕하세요 소개좀', '안녕하세요~ 중3입니다~', '학교갈시간에모해요', '채팅하죠', '충구하나할게요 이미오빤 경험자라서 가출도해보고 나쁜짓도 싸움도많이하고다녀써여 지금하고싶지않아도 20살대면 저절로하게되어잇어요 학생은말그대로학생이에요 학생때가좋아써요 학교 다니고 아무쪼록 이런건하지마세요 특히 조건만남이나머다ㅜㅜ 집드러가시고 부모님테잘해드리세요 제가더말썽꾸러기엿음 말썽꾸러기지 못하진않아써요 오토바이도 각기치고 머알라나모르겟다만 학생신문']"
동네친구,단순채팅,chat0971,"['안녕하세요 소개좀', '안녕하세요', '안녕하세요 동생은 어디살아용 ㅜ', '영등포쪽 살아요']"
동네친구,단순채팅,chat0977,"['안녕하세요!!! 편하게 이야기해요:)', '안녕하세요~', '안녕하세요! 지역이 어디세요?', '네 영등포쪽이요', '아아 뭐하는거예요? 무슨 대화 나눌까요?', '어디사세요?', '송파쪽이요!', '네', '대화 주제가 뭐예요?', '그런 거 없는데 따로']"
동네친구,단순채팅,chat0980,"['안녕하세요!^^', '안녕하세요', '네 ㅎㅎㅎ 나이가', '저 16살이에요', '….넵!!', '몇살이신데요', 'ㅋㅋ 죄송 너무 어려여…']"
동네친구,단순채팅,chat0981,"['안뇽안뇽~ ㅎㅎ', '안녕하세요', '변이에요? ㅎㅎㅎ', '변은 아니고요 ㅎ', '아 ㅎㅎ 그렇구나.. 요고 왜해용?', '그냥 깔아봤어요', '아항 고로쿠만']"
동네친구,단순채팅,chat0982,"['하이~~ 바람이불긴하지만 날씨 겁나게 좋네요~~', '안녕하세요', '혹시 학생이에요?', '아 네, 중학생이에요', '진짜?', '16살', '완전 꼬맹이구만. 여기서 뭐해? 고민있어?', '뭐 그냥', '궁금해서 그러는데 라마나다는 무슨뜻이야?', '아무 뜻 없어요', 'ㅎㅎ 뭔가 있어보이는데 직접 지은거야?', '그냥 진짜 아무뜻없이ㅎㅎ', '심오한 뜻이있을까해서 네이버 찾아봤는데.. 연관검색으로 가나다라~~ 나오더라. ㅎㅎ 아저씨가 바보같은건가?', 'ㅎㅎㅎ', '근데 여긴 학생보단 나이가 많은 아저씨들일텐데 얘기하면 재밌어?']"
동네친구,단순채팅,chat0985,"['안녕하세요 영등포사시나바여', '아 안녕하세요', '네 방가워여. 나이가어찌되세여', '저 16살이요', '헐..ㅋ 이거하는이유가?', '몇살이신데요', 32]"
동네친구,단순채팅,chat0986,"['심심해죽겠어여', '안녕하세요', '안녕하네 ㅋㅋ 뭐하세여', '그냥 있어요~', '전 누워서 딩굴딩굴중인데. 너무 심심해서 다운받아봣어여 ㅋㅋ', '저도요 ㅋㅋ', 'ㅋㅋ 요즘 왜이러케 할게없는지 몰르겟네여. 해외여행이라도 가야할까바여 ㅠ 해외가봤어여?', '아뇨 ㅋ', '글쿠나 가볼생각은여?']"
동네친구,단순채팅,chat0988,"['안녕하세용', '안녕하세요', '몇살이에요? 저는 22살이에여', '저는 16살이요~', '엥? 20대 초반..', '가입할 때 제일 어린 나이가 저래서요', '아항 어디학교다녀 ㅋㅋㅋㅋㅋ 뭐하구있엉', '그냥 있어', '너무심심해']"
동네친구,단순채팅,chat0991,"['반가워요! 편하게 소통하며 지내요^', '안녕하세요', 'ㅋㅋ동네친구더라구요?', '아 전 영등포~', '반갑네요. 저는 보라매 신풍쯤이에요. 오늘 하루 잘보냈어요?']"
동네친구,단순채팅,chat0994,"['안녕하세요', '안녕하세요', '소개부탁해요', '아 저 16살이에요~', '그렇군요']"
동네친구,단순채팅,chat0995,"['ㅎㅇ요 반갑습니다ㅎ', '안녕하세요~', '네넹ㅎㅎ 반가워요', '네~', '뭐하고 계셨어요? 평일인데ㅎ', '그냥 있어요', '집에서요?', '네', '학생이에여?', '네 16살이에요', '헉..20대 초반인줄 알았는데 되게 어리시구나', '가입할 때 선택할 수 있는 제일 어린 나이가 20대라서요..', '대화 하는데 뭐 나이가 중요한가요!ㅋㅋ 그럼 학교?', '아니요 그냥 안갔어요', '헉..왜여? 갑자기 가고싫고 그래서 그런가?', '네', '흠 나도 그럴때가 있긴했는데..결국 뒤지게 혼났죠. 게임하고 노느라 그랬는데. 나중에는 진짜 후회해요~ 지금은 이해 못할지도 모르지만 힘내세요!']"
동네친구,단순채팅,chat0997,"['ㅎㅇ', '안녕하세요', '네 방가워요', '네', '뭐하셔여', '그냥 있어요', '전 그냥있는데. 나이.', '저는 16살이요', '네. 학교. 중3.', '네', '그래']"
동네친구,단순채팅,chat0998,"['하이', '안녕하세요', '반가워요~', '네 ㅎ', '머하고있어요?', '그냥있어요~', '대학생이에요?', '아 저는 중3이에요~']"
동네친구,단순채팅,chat0999,"['ㅎㅇ', 'ㅎㅇ', '일하러가나여? 아직학생이시려나', '아 저 중3이에요~', '헐. ㅋㅋㅋㅋㅋ이십대초반이길래..글쿤여', '가입할때 선택할 수 있는 나이가 제일 어린게 20이라서', '그랬구나. 또래찾기 힘들겠다.']"
동네친구,단순채팅,chat1000,"['ㅇㅅㅇ. 안하시나..', '안녕하세요', '안녕하세요. 일하시나요?', '아 저 중학생이에요', '엥.. 20대초라해서 직장인인줄 알았어요. 중학생이면 학교 아닌가요???', '가입할때 선택할 수 있는 제일 어린나이가 20이라. 네 좀 있음 끝나요', '아하. 좀만 힘내여~ 몇시에 학교 끝나요? 저랑 친하게 지내요~ 맛점했어요??', '아 넵~']"
동네친구,단순채팅,chat1003,"['ㅎㅇ~', 'ㅎㅇ', '오늘 날씨 좋네요~', '네~', '집이세용?', '네~', '오늘 같은 날은 산책하기 좋을 거 같아용']"
동네친구,단순채팅,chat1011,"['오늘은 학교 갔어요?', '아뇨', '심심해서 어쩐데요 ㅋㅋㅋ 제가 그나이때 학교 학원만 다녀서 추억이 많이 없긴해요 뭐라도 해보는걸 추천합니당', '네 ㅋㅋㅋ', '진짜 간단? 시간만 있으면 할수있는것들 있잖아요. 게임 클리어 같은거라도요!']"
동네친구,단순채팅,chat1016,"['편하게 지낼 친구 찾아요 대화 친구도 좋아요', '안녕하세요', '안녕하세요 ㅎ', '네', '오늘도 생각보다 덥네요 ㅠ', '그러게요 ㅎ', '저는 퇴근준비중인데 뭐 하고 계세요 ㅎ', '그냥 있어요~', '그러시구나 ㅎㅎ']"
동네친구,단순채팅,chat1017,"['서울강서인데', '안녕하세요', '안녕. 덥네 오늘. 어디세요', '영등포쪽이에요', '가깝네요. 오늘은 뭐하시나.', '딱히 하는건 없어요', '친구들하고재미있게놀때인데. 왜 혼자있낭', '그러게요', '친구안만나용', '네', '남친', '없어요', '왜없을까 궁금해지네. 우리동네톡은젊은사람별루안오는데 여긴나이좀있는사람들모임인데', '저는 16살이에요', '근데왜이십대라고', '그게 뭐 중요한가요', '그럼 여긴할말못할말다하는곳입니다', '네', '남자가여자인척두하는곳 거짓투성이라고', '네', '재미있는친구만나요']"
동네친구,단순채팅,chat1021,"['안녕하세요^^ 편하게 대화해요', '안녕하세요', '반가워요 ㅎ', '네 ㅎ', '직장? 아니면 집?', '아 저 중3이에요', '학생이구나;;', '네~']"
동네친구,단순채팅,chat1026,"['안녕?? 어떤 성격이야?', '왜요', '마음통하는 사람 찾는다길래 ㅋ', '아 저 16살인데..', '20대 초반이라고 써 있는데??? 그러면 중학생?', '네 그건그냥 해둔거예요', '그러면 지금 학교겠네?? ㅋㅋㅋㅋ', '맞아요 ㅋㅋ', '뭐야 ㅋㅋㅋㅋ 아침부터 수업 안 듣고!!! 학교 어딘데?? 영등포야?', '넵 ㅎㅎ', '중3이겠네. 학교 재미없어??', '재미없죠 ㅎ', '학교째고 놀면 재밌겠다~~~', '째진않았어요 수업중이에요 ㅎ', '학생때 로망아냐?? 난 그랬는데 ㅋㅋㅋ. 이 시간에 밖에 가면 사람들은 뭐할까 궁금하고', 'ㅋㅋ 수업 끝나고 놀려고요~', '학원은 안 가??', '학원 안 다녀용', '그러면 학원 갈 시간에 놀아? 혼자 공부해?', '그냥 놀아요~', '수업듣기 싫어서 이거하는거야?', '네 ㅎㅎ', '무슨 과목인데? 수업이 재미 없긴하지…', '영어요 ㅎㅎ', '영어면 중요한데..ㅠㅠㅋ 영어만 3년동안해서 취업해. 수학은 공대 아니면 쓸데 없고.', '영어하면 어디 취업하는데요?', '이과가고 공대갈거 아니면 어디든. 요즘엔 지방대가더라도 영어를 다른 사람보다 잘 하면 취업은 되지. 남들보다 잘한다는건 대화가 가능할 정도. 혀를 막 굴리지 않아도 대화가 가능하면', '아하 공대가 낫겠네요', 'ㅋㅋㅋㅋㅋ 수학잘해?? 아니면 과학. 수학은 정말로 타고나는거라 역전하기 어렵던데.', '그럼 어떡해요 영어도 못하고 수학도 못하면..', '제가 중3으로 돌아갔는데 둘 다 못 한다면 영어에 몰빵을 할래. 공대라 수학을 계속 하는데 어려움 ㅜㅜㅜㅜㅜㅜ', '그럼 전 이만 수업 들으러 갈게요 ㅂㅇ', '밥 맛나게먹고 나중에 또 연락해요^^']"
앙챗,단순만남,chat0013,"['안녕하세요', '안녕', '반가워요~, 혹시 친구안구하세요?', '어떤 친구', '서로 같이 즐기는친구', '어떤걸 즐겨요', '취미나, 함께 공유할수?, 뭐 그런거여?', '그러쿠나', '네, 어떤거 찾고계셧어요?', '딱히 뭐 찾는건 없는데요', '아하, 네네, 어떠세요?', '뭐가요?', '채팅만하세요?', '넴 왜용?', '네']"
앙챗,단순만남,chat0022,"['ㅎㅇ요', '안녕하세요', '가까우시네요, 출근하셨나요', '학생이에요', '아아, 오늘 공강이에요, ?', '등교했어요', '안타깝ㅠㅠ, 그럼 새내기시겠네요, 축제시즌 재밌게놀고잇어요?', '중3이에요', '엌ㅋㅋㅋ, 20살이라길래, 당연히대학생인줄, 애기 학교몇시에끝나요', '3시?', '끝나구 머해, 영화보러가자', '싫어요ㅎㅎ', '그래요ㅋㅋㅋㅋㅋ, 영화뭐조아해요', '다 좋아해요 유명한거', '엔드게임, 3번보고옴, ㅋㅋㅋㅋ', '많이 보시네', '괜찮았음ㅋㅋ, 여기선머래', '?', '여기서 머해, 넌왜왁어', '그냥 심심해서?', '19금 많지않냐', '너무 많아요', '그런거 싫어함?', '별로임', '글쿠만, 모솔, ?, 아이돌조아하냐', '아이돌 좋아해요', '누구조아해요', '다 좋아해요', '전 최애는 아이즈원', '그러쿠나', '넌?', '난 다 좋아', '거참, 얘기하기힘든 타입일세ㅋㅋㅋ, 키몇이냐', '그런게 궁금하구나.., 160정도에요', '그냥 다 궁금하지, 꽤크네, 앞으류 더 클텐데', '너는 키 몇이에요', '178이에요, 모솔이에요?', '앞으로 더 안크겠네요', '엌ㅋㅋㅋㅋ, 아니, 팩폭무엇', 'ㅎㅎ', 'ㅋㅋㅋ, 후, 가슴 사이즈몇이냐, 이걸로 능욕시켜주마', '몰라두돼요', '70aa', 'ㅇㅇ', '귀엽네, 모솔이지', 'ㅎㅎ', '브라 차야할까, 가슴이 따뜻해지나', '몰라두대']"
앙챗,단순만남,chat0041,"['놀쟈, 낮술ㄱㄱ', '안녕하세요', '안년하세여, 어디살아요??', '영등포 살아요', '오가깝네!, 낮술한잔ㄱㄱ해욤, 오늘 놀러와요zz', '저 학생이에요', '학교에요?, 저두 학생 대핟샌', '저 중3인데;;', '읭, 지금 수업즁? 오늘 끝나구 놀러와여, 개심심함여.., 놀아줄게요ㅋㅋ', '머하구 놀아여', '머하구싶응거잇나여, ㅋㅋ, 맥쥬 안마시나여, ㅜㅜ아 너무삼심, 흐엉, 라다나랑 놀구싶음', '중3이 어떻게 술을;;', '오..바른생활이네욥…, 그럼 저만마시구 그쪽은 환타드릴게요', '괜찮습니당', 'ㅜㅠㅠ넹']"
앙챗,단순만남,chat0048,"['저요ㅋㅋ아무말 졸은데, 좋', '안녕하세요', '앗ㅋㅋ, 안녕하세요!!, 혹시바쁘세요?', '네', '아…, 혹시 안바쁘시면 만날수있냐고 물어보려고했거든요', '죄송합니다 제가 학생이라', '네..저도 학생이에여!!', '저 16살이에요', '아.., 그래도 만나서 밥먹고 노는건 괜찮지않아여?', '괜찮습니다', 'ㅜㅜ네', '넵']"
앙챗,단순만남,chat0074,"['그래요 아무이야기나 해요 우리', '좋아요', '커피 마셔요?', '잘 안마셔요', '아아 그럼 어떤거 좋아해요?, 전 처음본 사람하곤 보통 커피마셔요:)', '전 쥬스ㅇㅇ', '오우, 애기 입맛이시네!!&', '아직 학생이라..?', '아, 스무살인줄 알았어요, 몇살이세요!?', '저 중3이요 내년에 고등학생돼요', '아하!?, 만나서 이야기하고 싶었는데, ㅠㅠㅠㅠ, 생각보다 어리셔서 놀랐어요, 전 스물아홉이여', '죄송해여 어려서', '아니에요, ㅎㅎㅎㅎㅎ, 나중에 친해지면 만나요, 전 스무살이시면 술한잔 하려고 했어요ㅎㅎ간단하게 마시면서 이야기하고 싶었거든요', '나중에 만나요~', '네에!, 라인은 하세요?', '라인 안해요', '아아 알겠어여, 이것만 하시는거죠?', '넴', '스킨십도 해봤겠네?', '당연']"
앙챗,단순만남,chat0131,"['하이', '안녕하세요', '안녕하세요 학생?', '네', '글쿤요 오후 되니까 엄청 졸리네요ㅎㅎ 학교 아니에요?^^', '학교 맞아요', '아ㅎㅎ 전 일해야되는데 하기 싫어서 딴짓중입니다ㅎ 님은요?', '수업 듣고 있어요', '무슨 수업인데요?', '영어요', '영어? 고등학생이에요?', '아뇨 내년에 고등학생 되는데요', '아;;;', '왜용', '너무 어려서요ㅎㅎ', '그런강…', '어떻게 만나볼까했더니 나이가ㅋㅋㅋ', 'ㅎㅎㅎ;;', '여기서 뭐해요?ㅎ 사람구경?', '채팅앱이라고 해서 다운받은건데 여기는 어떤 곳인가요?', '알지 않아요?ㅎㅎ', '해보니까 느낌은 오는거 같아요…', '그럼 언능나가지 뭘 계속 얘기해요 ㅋㅋㅋ', '심심하니까…', '아 넵;;', 'ㅎㅎ']"
앙챗,단순만남,chat0135,"['안녕', '안녕', '뭐해 심심', '수업들어요', '대학생이세요?', '아뇨', '그럼요?', '내년에 고등학교 올라가요', '아 풋풋하네요ㅎㅎ', 'ㅎㅎㅎ', '우리 만날래요?', '만나서 뭐하려구요', '그냥 뭐 아직은 모루겠는데 하고픈거 있서요?', '전 딱히 없요..', '아 그럼 안보실건가요?', '네 죄송합니다ㅜ', '네']"
앙챗,단순만남,chat0137,"['안녀어엉 너 서울사는거야??', '네 서울살아요', '아 진짜로? 서울 살면 어때/?? 보통 뭐하고 놀아?', '그냥 똑같을걸요 다른데랑', '아 진짜…? 사실 이번주에 서울 놀러가는데. 친구보러 가는데. 홍대나 건대쪽 가보려고 하거든. 혹시 맛집이나 놀거리 추천좀 해줄 수 있어??', '저도 아직 많이 안다녀봐서 잘 몰라요…', '아 그래ㅜㅜ 집은 어디쪽이야?? 4호선 성신여대랑 가까워??', '저 중구쪽인데', '중구면 30분 40분 거리 아닌가??? 아닌가…? ㅜㅜ 잘 몰라', '저도 잘 몰라요', '아 그렇구나 저기 존댓말 안해도 돼!! 말 편하게 행', 'ㅇㅇㅇ', 'ㅋㅋㅋㅋㅋㅋㅋ 지금 대학생인거야?', '아니 내년에 고딩되는뎅', '아닌 내년에 고딩ㅎ되는뎅', '에에에에에엑? 20살로 돼있어서', '20살 이하는 안되더라구요', '성인인줄 알아써어. 아 진짜? 아 뭔가 서울가서 얼굴이나 보자고 하려했는데', '됐어요', '그니깐 너무 어려서 만나자고 꺼내기도 그래', '그래요', '내년에 고등학생이라고 했지?? 학교생활 열심히 해!!', '넴', '응ㅋㅋㅋ']"
앙챗,단순만남,chat0139,"['ㅎ ㅇ', '안녕하세요', '야한거조아요?', '야한거요?', '네', '잘 모르겠네요', '나이가?', '내년에 고딩돼여', '아하 그럼 그런거 잘 모르겠네?', '어떤거여?', '야한거 관심이 없을라나', '잘 몰라요', '남친은?', '남친 없어요', '아하 난 너무 나이 많나?', '남친으로?', '웅', '용돈 주시려구요?', '용돈 받고 싶어?', '아뇨…', '넌 어찌 생각하니 나이차이', '많이나네요', '지금은 집이니?', 'ㅇㅇ', '뭐 고민은 없고?', '그냥 뭐 사는거ㅎㅎ', 'ㅎㅎ 키 몸무게 어케돼? 난 175 70', '안알랴줌', 'ㅎㅎ 내 여친할래?', 'ㅎ 해주면 뭐해야하는데여', '뭐하긴 그냥 재밌게 지내는거지', '괜찮아요ㅎㅎㅎ']"
앙챗,단순만남,chat0143,"['안녕하세여', '안녕하세요', '다른거 절대없이 만나서 식사나 건전대화만 하는거 되실까요?', '저 학생인데요… 중3', '아아 네 건전한거라서 법적으로는 문제없는데', '죄송해요 안할래요', '네네']"
앙챗,단순만남,chat0160,"['으응', 'ㅇㅇ', '볼 수는 있는지 카푸치노 한 잔', '만나자구요?', '넵 커피 안 좋아해요?', '저 학생인데… 내년에 고등학교 올라가요', '그럼?', '안 만날래용…', '어딘데? 알씀', '서울이에용', '서울 어디?', '강북 어딘가', '불광동임. 강북에 가면 볼 수 있는지? 차 가지고 가는데? 가벼운 맘으로 보면서 싸이클이 안 맞으면 그땐 쫑내고. 내 말이 맞지요?']"
앙챗,단순만남,chat0217,"['ㅎㅇㅎㅇ', 'ㅎㅇㅎㅇ', '어떤 이야기 할까요ㅎㅎ', '아무거나?', '야한 얘기?', '어떤 야한 얘기?', '몇 살이야?', '16살. 내년에 고등학교 올라감…', '오늘 학교안가?', '아파가지고 안갔어요', '아이고… 병원은 갔다 왔어요?', '아뇨 쉬고 있는데', '병원 안가도 괜찮아요?', '네', '오늘 뭐할꺼에요?', '그냥 있을건데', '집에 맛난거 사가지고 갈까요…?', '아뇨 괜찮아요', '뭐 먹고 싶은거 없어요? 영상통화 할래요?', '아뇨 안할게요', '왜요 ㅠ.ㅠ', '그냥요', '힝…']"
앙챗,단순만남,chat0234,"['자지 님이나 봐', '안녕하세요;;', '안녕? 어디사니', '저 서울에 살아요', '나도 난 용산 한남 넌?', '중구쪽', '오 가깝네 시간되면 밥이라도 사줄까?', '아뇨 저 학생이에요 16살…', '?그게 왜? 밥만 사줄건데 무슨 이상한 생각을 하는거야ㅋ', '죄송합니다 싫어요', '싫어? 알았어 얼굴 사진 좀 보여줘', '죄송합니다', '알았어 싫으면 할 수 없는거고 얘기나 하자. 그럼 중3이니?']"
앙챗,단순만남,chat0246,"['안녕요', '안녕하세요', '어디살아?', '서울', '나랑가자', '어딜가요']"
앙챗,단순만남,chat0274,"['ㅎ ㅇ', 'ㅎ ㅇ', '안녕하세요', '네 안녕하세요', '아침식사했어용?', '네 씨리얼먹었어요', '앙~~ 불금인데모하실건가용?', '학원갈거같은데용', '대학생이신가요?', '오늘만나실생각잇나요?', '아뇨 저 내년에 고등학교 올라가요', '넘 어리네요ㅜㅜ', '넹']"
앙챗,단순만남,chat0291,"['만나실래요?', '조건만남 이야기하는건가요?', '아니요', '저 학생인데… 16살', '네 만나요 어디에요?', '만나서 뭐해요?', '같이 놀아요', '죄송해요 안만날래요']"
앙챗,단순만남,chat0301,"['하이용', 'ㅎ ㅇ ㅇ', '어디에여', '서울이요', '볼래요?', '저 학생인데요 16살…', '보면 어때서요 만나용', '죄송해요 안만날게요', '네 ㅜ']"
앙챗,단순만남,chat0330,"['어디세욤', '저 서울이요', '페이랑 프로필 부탁드려요', '조건만남 이야기하시는건가요?', '네? 아뇨… 커피나 마셔요 페이 드릴게요 콜?', '저 16살이에요…', 'ㅋㅋㅋㅋ앜 그냥 카페 같이가요. 심심 용돈드릴게요', '죄송해요 안할거에요', 'ㅋㅋ네', '넵넵']"
국민어장,단순만남,chat0336,"['하이요 볼래요', '네?', '만나서 놀자고요 지금여 뭐좋아해요? 어디에여?', '학교에요', '끝나고 봐요…몇시끝나요?', '3시 넘어서?', '3시반에 어디서 볼가요?', '안볼건데;;', '아네 오늘 안볼건가요?', '네 안볼래요 죄송해요', '아니에여 ㅎㅎ 괜찮아요 죄송까지는 아닌듯해요', '넴넴', '언제 시간괜찮아여? 그때보아요. 맛있는거 먹어여~~', '괜찮아요ㅎ', '아ㅎㅎ네 그럼 뭐 좋어햐요? 좋아해요?', '뭐 이것저것 다 좋아해요', '어떤게임요? 피방갈래요? ㅎㅎ', '아니요 괜찮아요']"
국민어장,단순만남,chat0365,"['학교안가고뭐하냐', '그냥 있어', '집혼자면 놀러가도되냐?ㅋㅋㅋㅋㅋ', '학굔데', '모범생이 따로없네 수업시간에 폰도하고', '점심시간']"
국민어장,단순만남,chat0377,"['하이', 'ㅎ ㅇ', '어디살아, 만날래?', '영등포 살아요', '응 만나서 놀래?', '뭐하구 놀아요', '드라이브, 몇살이얌? 시러?', '저 아직 학생이에요', '응 학교야?', 'ㅇㅇ', '엥 공부안해? 웬폰', '몰래 하고 있어요', '언제끈나', '3시여', '키몇이얌?', '너는', '176, 175, 60 넌?', '몰라두댐', 'ㅡ ㅡ', 'ㅎㅎㅎ', 'ㅇㅇ?', 'ㅇㅇ', '만날래?', '아뇨', 'ㅡ ㅡ']"
국민어장,단순만남,chat0391,"['머해', '그냥 있어', '오늘 약속있낭', '없는딩', '고기 무러 갈래?', '저 학교 안끝났시옹', '인문계 다니낭', '중학교 다니는뎅', '아 그래? 몇살인데', '16살', '아하 몇시에 마쳐', '4시 넘어서?', '오늘 영화보고 맛있는거 먹장', '너는 몇살?', '23살', '그러쿠낭', '오늘 안되낭', '집에 갈래', '주말엔 괜찮아?', '모르겠어요', '좋아하는거 없낭', '걍 다 좋아해요', '카톡하장 친하게 지내고 싶당', '시러여', '왱', '구냥', 'ㅜㅜ오빠동생으로 친하게 지내고 싶은뎅', 'ㅎㅎㅎ', '마쳤낭', '집임', '머해 집에서', '그냥 있음', '주말에 뭐할거야']"
국민어장,단순만남,chat0412,"['안녕하세요ㅎ', '안녕하세요', '어디에용', '집이에요', '학교 끝나구 왔나봐요ㅎ', '넴 이제 학원가야죠', '가기 싫겠다ㅠ', '가기 싫어요', '나랑 놀아요ㅋㅋㅋ', '뭐하고 놀아요', '흠 뭐 좋아해요', '다 좋아해요 안가리고', '만날래요ㅋㅋ', '만나서 뭐해요', '그쪽 하고 싶은거 하죠 겜 해도되구', '난 집이 좋은뎅', '웅?', '웅 집 밖에 나가기 싫어', '아 그랭', '웅', '학원은 언제가', '지금 가고 있어 8시에 끝나겠징', 'ㅜㅜ', '왱', '구냥', '우웅', '만나고 싶당 심심하다', 'ㅎㅎㅎㅎ', '히', '?', '아니야', '알았엉', '그랴', '안뇽', '웅', ':)', '머야ㅋㅋ']"
국민어장,단순만남,chat0443,"['안녕하세요ㅎㅎ', '안녕하세요', '어디사세요ㅎㅎ', '영등포 살아요', '아 나이가?', '왜용', '그냥요 ㅎㅎ 나이가 어캐되심 전23', '전 내년에 고1돼요', '애기다 애기 개귀여워 모해 밥 먹었어?', '이제 밥 먹어야해요', '학교야?', 'ㅇㅇㅇ', '도망쳐 오빠한테와 맛있는거 사줄게', '수업 못 빼먹어요', '째면 돼지 나는 중학교때 점심시간에 째고 그랬음', '안돼요', '오늘 만날 수 있어?', '학원가야해요', 'ㅠㅠ카톡할래? 사진 교환할래?', '카톡 안해요 사진 없어요ㅠㅠ', '전화할래? 좀따가', '싫어', '그래 그냥 대화만', 'ㅇㅇㅇ']"
국민어장,단순만남,chat0500,"['안녕하세요!', '안녕하세요', 'ㅎㅎ반가워요 지금 뭐하고 있어요?', '학교에 있어요', '아?? 맞네 지금 이시간이면 학교에 있겠네요ㅎㅎ 수업 안해요?', '수업 듣고 있어요', '아하! 학교 끝나고 뭐해요?', '집에 갈 거 같은데', '끝나고 만나서 놀래요?', '저 중3인데?', '에? 흠 노는건 상관없이 않나요?', '뭐하고 놀아요', '밥 먹고 카페가고? 노래방을 가든 아니면 하고 싶은거 있어요?', '그쪽은 하고 싶은거 있어요?', '전 그냥 놀고 싶은데요… 하고 싶은거 있어요?', '아뇨 딱히 없어요', '그럼 밥 먹고 커피 마실래요?', '음 아니에요 안만날래요', '네', '넵 죄송합니다', '네네']"
국민어장,단순만남,chat0502,"['뭐햄', '그냥 있어', '집이얌?', '학교야', '몇시 끝남', '4시 넘어서', '영등포면 가까운뎅', '그래요?', '회기 알아? 외대', '알긴 알죠', '가깝지 그럼', '저 학생인데요', '나두 학생이얌', '나 16살인데', '진짜로?', 'ㅇㅇ', '오 좋다 주말에 뭐햄', '집에 있겟징', '주말 내내?', '아직 모르게씀', '그럼 주말에 놀장', '뭐하고 놀아요', '수제 햄버거 먹장ㅋㅋ 존맛이라던데', '괜찮아요 안 먹어도 돼요', '왜 먹는거 안 좋아햄?', '그냥 안만날래요 죄송함당', 'ㅜㅜㅜㅜ', 'ㅎㅎ', '집이라며 주말에 안 심심하냐구…']"
국민어장,단순만남,chat0547,"['안녕하세요', '안녕하세요', '반가워요!!', '반가워요', '뭐하고 있어요??', '그냥 누워있어요', '저는 이거 오늘 처음 깔아봤어요', '저도요', '저는 여기서 연애할 사람 찾고 있어요. 진짜 오래오래 가실분만!!', '아 그러쿠나', '네 ㅜㅜㅜ 너무 외로워서요', '안타깝네용', '네 ㅜㅜ', 'ㅜㅜ']"
국민어장,단순만남,chat0549,"['모하세요', '집에 있어요', '만날사람 찾는데 관심있어요??', '만나서 뭐해요', '대충 밥먹고 그런거죠 뭐', '저 학생이에요 16살', '아 좀 많이 어리네여', '네']"
국민어장,단순만남,chat0554,"['안녕하세용', '안녕하세요', '뭐하고 있어요?', '그냥 누워있어요', '밥 먹었습니까', '네 먹었어요', '혹시 말놔도 돼요?', '마음대로 하세요', '영등포 살어?', '넴', '오오 좋은동네 사는구만 밥은 뭐먹었어?', '그냥 배달통 시켜먹었어요', '그렇구나 너도 말 놔', '알았어', '공부하는거 힘들지', '응 힘들어', '맞지맞지ㅠㅠ 나도 완전 힘들었거든. 대학준비해? 취직준비해?', '내년에 고등학교 가는데…', '음? 아 진짜? 19살로 나와있어서 고3인줄 알았엉. 가고 싶은 학교 있어?', '그냥 근처에 있는 학교 가는거…', '인문계로?', 'ㅇㅇ', '그렇구나 주말엔 뭐해?', '공부?', '진짜? 완전 열심히 하네… 안놀러가?', '놀러갈 때도 있지', '놀러가면 주로 뭐해', '그냥 수다떨고 그렇죠', '나도 놀러다니고 싶다', '놀러 다녀요', '나 군인이라서 몬 놀러가ㅠㅠ', '아 군인이구나 군인인데 폰이 가능해?', '요새 부대에서도 폰 쓰자나', '잘 몰라 그런거', 'ㅋㅋㅋㅋ 휴가 나가면 너가 놀아줘', '나 중3인데? 군인아저씨랑 놀기 싫어요', '미안', 'ㅎㅎ', '왜']"
국민어장,단순만남,chat0566,"['안녕', 'ㅎ ㅇ ㅇ', '웅ㅎㅎ가깝네 19키로', 'ㅎㅎㅎ', 'ㅎㅎㅎ뭐하구 있어', '그냥 쉬고 있엉', '집이야?', 'ㅇㅇㅇ', '학교는', '오늘 아파서 못갔어', '나도… 아파서ㅜㅜ 출근 못했는데 응급실 다녀옴', '그러쿠낭 왜', '몰라ㅜ장염이라는데ㅜ', '세상에', 'ㅠㅠ아직도 아프네', 'ㅎㅎㅎ', 'ㅠ ㅠ', 'ㅠ', 'ㅎㅎ만나서 놀랭', '저 중3인데??', '헉 애기넹… 학교는?', '오늘 아파서 못갔다고 했잖아', '아아ㅋㅋ 깜빡했다ㅜ', 'ㅇㅇ']"
국민어장,단순만남,chat0577,"['ㅎ ㅇ', 'ㅎ ㅇ', '뭐해', '그냥 잇는뎅', '학교안가?', '학교에 그냥 있어요', '몇시 끝나?', '4시 넘어서요', '만날까?', '저 16살인데요…', 'ㅇㅇㅇ', '안만나요 죄송합니다']"
국민어장,단순만남,chat0587,"['안녕하세요ㅎㅎ', '안녕하세요', '진짜 가깝네요ㅋㅋㅋㅋ 저는 당산이에요ㅎㅎ', '그렇군요', 'ㅋㅋㅋㅋ저 지금 일중인데 시간되시면 오세용ㅎㅎ', '저 학생이에요', '디자이너에요ㅋㅋ', '그렇구낭', '오실래요?? ㅎㅎ 심심해용 ㅎㅎ', '가서 뭐해요', '머리해줄게요 크리닉도 해드리궁', '저 어린데 16살이에요', '괜찮아용 ㅎㅎ 쉬다가요 저도 9시 퇴근이여서 9시 되면 집 갈거에요', '괜찮아요 그냥 있을래요', '힝 오시지 얘기나 해요 당산역에서 1분거리에 있어요ㅜ', '괜찮아용', '알겠어욤', '넵넵', '안농ㅋㅋㅋㅋ', 'ㅂㅇ']"
국민어장,단순만남,chat0609,"['안녕하세요 학교겠네요?', '네', '몰폰인건가요??ㅋㅋ 무슨 수업이에요', '과학시간이에요', '오 과학 19살이면 2과목인가요??', '저 16살이에요', '앗 19살 아니시구나, 19살인줄 알았어요 과학 재밌지 않아요??', '어렵네요ㅎㅎ', '앗 어렵긴하죠. 전기 이런것도 어렵고 외울것도 많고… 수헤리베붕탄질산프네 이거 아직도 외우나요? 언제 배우지 이거ㅋㅋㅋ 주기율표 저 이과였어서 좀 알아요', 'ㅋㅋㅋ비슷한거 배워요', '앗ㅋㅋㅋ 저 그리고 수학 잘했어요ㅋㅋㅋ 흐아 수학 과외두 하고 그랬는뎅… 전 자취한느데 친구가 놀러와서 체류중이거든요? ㅋㅋㅋ 아직도 퍼자는중… 친구님은 그래두 학교면 재밌겠다. 다닐 땐 몰랐는데 졸업하니까 재밌던 곳이엇어요ㅋㅋㅋ', '그러쿠낭', '넹ㅋㅋㅋ 중딩땐 남중이어서 움 그냥 뛰던 기억들? ㅋㅋㅋㅋ 나도 내가 왜 뛰어다녔는지 모르겠다', 'ㅎㅎㅎ', '어우 완전 애기였넹 나도 ㅋㅋㅋㅋ 학교는 언제 끝나세요? 끝나면 학원가시겠지만 토닥토닥', '4시 넘어서?', '아아아 평범하게 끝나네뇨? 끝나면 집 들렸다가 바루 학원으로 직행인가요?', 'ㅇㅇㅇ', '어우 바쁘시다 학원은 10시쯤 끝나나요?', '아뇨 9시 정도에?', '아항 그래도 그건 조금 일찍 끝나네용. 그래도 엄청 바쁘게 사시네요? 학원은 주말도 나가요?', '아뇨 안가요', '그래야죠 주말이라두 쉬어야 보충되죠ㅋㅋ 주말엔 보통 친구들 만나시나요??', '네 그러거나 그냥 집에서 쉬어요', '그게 좋죠 전 약간 집돌이에요 하하 위에 영등포구? 뜨네요 이게 위치가 바로바로 갱신이 되는건가', '그런거 같아요 고나악구라고 뜨시네요', '아 저 신림 알아요? 저 거기서 자취해요', '신림 알아요', '와본적은 없져??', '네 가본적은 없죠 그냥 서울대 근처라는거만 알아요', '네네 맞아요 근처더라구요. 그냥 저렴하다구해서 왔는데 상대적으로… 별로 그런거 가틴 않네요', '그러쿠낭', '네엥ㅋㅋㅋ 지금은 다른 수업이겠네요?? 닉이 우미니? 무슨 뜻이 있는거에요??', '아무 의미 없습니당', '아 없는거구나 친구가 일주일정도 있다가 오늘 돌아가는데 돌아가고 나면 완전 조용해질거 같네요', '친구가 시끄러운가보네요', '같이 있으면 뭐든 하니까요… 혼자 있음 책 보거나 공부 조금 하거나 뭐 좀 아라보거나 그러거든요. 문제는 친구가 와서 게임을 너무 한다는거에요. 피시방을 너무 갔어요… 몇 달 동안 갈 시간보다 이번주가 더 많은 거 같아요ㅋㅋㅋ', '그렇군요 가서 뭐 하시나요?', '배그랑 도타2에 오토체스란걸 해요 보통. 게임하시나요?', '잘 모르겠네요', '그쵸ㅋㅋㅋㅋ 게임 잘 안하면 모르죠 롤은 제가 안해봐서 몰라용ㅋㅋㅋㅋ', '그러쿠낭…', '네엥 나중에 심심하거나 그러면 신림 놀러오세요ㅋㅋㅋ', '네네', '네네 저한테 놀러오셔두 됩니다 심심하기 때문에…', '저 16살인데..?', '아 맞다… 애기셨지. 수학공부하러 올래요?ㅋㅋㅋ ㅈㅅ 나이를 잠깐 깜빡했네용', 'ㅎㅎㅎ', '수학은 잘 알려줄 수 있슴돠 이차함수인가요 요새? 부등식인가', '기억도 안나요 공부 잘 못해서ㅋㅋ', '앜ㅋㅋ 그러면 책 들고 오시면 차근차근 알려줄게요. 알려줄 수 있는게 많다는 의미라서 좋은데요', '괜찮아요 안만날래요', '아 그런가요 그럴수 있죠. 아직 잘 모르는 사람이니까ㅜㅜ', '넵넵', '나중에 편해지면 오셔도 됩니다. 저 생각보다 더 편한사람이에요', '네', '네넼ㅋㅋㅋ 언제부터 점심시간이세요??', '1시간 정도 뒤면 점심이네요', '아아 그래요 금방이네요… 사진 첨부같은건 바로 안되나보네요.', '사진은 왜요? 다른 사람들 그냥 보내던데', '아 그래요? 제가 이걸 다운받은지 얼마 안되서 첨부 버튼 누르면 기다리래여 몇일ㅋㅋㅋ', '전 첨부 안해봐서 모르겠네요', '아아 그래요?? 그냥 채팅 왼쪽에 누르면 됩니다. 캡쳐가 안되서 못 보여드리네요 애초에 사진도 못보내지만ㅋㅋㅋ', '네', '점심메뉴는 뭐에요?', '볶음밥이네요', '볶음밥이면 평타 이상이겠네요ㅋㅋㅋㅋ']"
국민어장,단순만남,chat0612,"['만나서 얼굴 괜찮으면 대화해요', '저 16살인데?', 'ㄷ ㄷ 네 생각있으면 연락줘요', '죄송해요 안할래요']"
국민어장,단순만남,chat0624,"['안녕', 'ㅎ ㅇ', '고3?', '아니 중3', '좋네 중3 예비고딩', 'ㅇㅇ', '놀래 내일?', '뭐하고 놀아요', '집도 가깝네 내일 밖에서 잘건데 놀러오라고', '싫어요 안만날래요']"
꿀톡,단순만남,chat0692,"['안녕하세요~^^', '안녕하세요~', '네~ 반가워요~ 몇살이에요?ㅎㅎ', '16살이요', 'ㅎㅎㅎ 중딩?', '네~', '한창 예쁠 나이군요 학교 안 갔어요?', '네', '오늘 쉬는 날이에요?', '네~', 'ㅎㅎ 대화상대 찾는 거에요? 바빠요?', '아니요~', 'ㅎㅎ 뭐하고 있어요?', '채팅하고있죠', '다른 남자들하고요?ㅠ', '그냥요', '학교는 안다녀요?', '네', '자퇴?', '네', '서울이죠? 서울 어디에요?', '영등포요', '학교 안다니면 뭐 배우는 거에요? 기술?', '아무것도 안 배워요', '아ㅎㅎㅎ 그럼 뭐 할꺼예요? 하고 싶은 건 있어요?', '아뇨', '아..ㅎㅎㅎ 좋아하는 건 있어요? 바뻐요?', '안 바뻐요~', 'ㅋㅋㅋ 그럼 보통은 그냥 집에서 놀아요?', '네 ㅋㅋ', 'ㅋㅋ 심심하지 않아요?', '그냥 그래요..', 'ㅎㅎ맛있는 사줄테니 볼래요?', '만나서 뭐하나요', '뭐 맛있는 거 먹고 드라이브 하고 하고 싶은 거 있어요?', '아뇨 딱히..', '술은 못 먹죠? ㅎ 많이 어려보여요?', '보통수준이에요', '사진 보여줄 수 있어요? ^^', '사진은 좀..', '아.. 그래요?ㅎ 너무 어려보이시나 해서요', '아 그렇진 않구요', '키는 크세요?', '165~', '오~ 키 크시네요~ ㅎㅎ 몸무게 물어봐도 되요? 기분 나뻐하시지는 말구요', '50 초반이에요~', '날씬하네요~ㅎㅎ 대학생처럼보일꺼 같은데 술 먹을 수 있어요?', '뭐… 만나서 뭐 하실 건데요?', '드라이브도 하고~ 맛있는 거 먹고.. 술 한잔 할 수 있으면 좋구요~ ㅎㅎ', '아 저 그냥 안 할게요', '네? 왜요? 기분 나쁘셨어요? 술은 뺄게요 가볍게 데이트 해요', '아녜요..그냥 싫어요', '어떤 게 싫으신 거에요? ㅠ 바뻐요? ㅠ', '네?', '알았어요~ 만나자는 애기 안할께요~ 너무 성급했네요. 바뻐요? ^^ 기분 상했어요? ㅜ']"
꿀톡,단순만남,chat0693,"['안녕하세요 내가 나이가 많은데 그래두 괜찮다면 밥 친구나 영화 친구는 어떠세요?ㅋ', '안녕하세요', '네 방가워요 내가 나이가 무지 만아요ㅠㅠ', '몇살이신데', '43살이요ㅠㅠ 미안하긴한데 친구가 없어서요 bb', '저는 중학생이요', '아 그래요 그럼 몇살이에요?', '16살이요', '내가 아빠뻘이네요ㅋ 아빠랑 밥 먹으러 갈래요 맛난거 사줄게요', '밥이요?', '왜요 실어요 그럼 뭐 하구 싶은거 있어요?', '아뇨', '그럼 피자나 파스타 먹구 놀이 동산 갈래요?', '아 죄송해요 싫어요', '왜요 이유가 뭐에요ㅠㅠ']"
꿀톡,단순만남,chat0717,"['하이', '안녕하세요', '무슨 대화방이에요?', '딱히 정해진 건 없어요', '아.. 미안요 ㅎㅎ 전 만나실분 찾는중이라', '저 16살인데요..괜찮아요?', '헉!']"
꿀톡,단순만남,chat0742,"['용돈 100만원 줄게 관심 있으면 라인 하고친해질까요?', '안녕하세요~', '방가워요 라인이나 카톡 할까?', '저 16살인데요', '좋아 지역어디 살아? (돈사진)', '영등포요', '라인하고 만날까?', '아 라인은 싫어요', '카톡', '카톡도…', '만나서 용돈 줄건데 실으면 할수 없지', '근데 용돈을 왜 주시나여', '친해지니까 준다', 'ㅈㄱ 말씀하시는거죠?']"
꿀톡,단순만남,chat0773,"['하이루', '안녕하세요', '어디살아요', '영등포쪽이요', '네 어플에서만나봤어요', '아 저를요?', '아니요', '아…이해함. 저 중3인데요.. 괜찮나요?', '나이는숫자에불과하죠. 님은괜찮나요. 운전중이라답좀늦을수있어요.', '정확하게 어떤 만남 말씀하시는거죠', '그냥데이트죠', '아 네', '데이트해볼래요', '만나서 뭐 할건데요', '뭐하고싶어요', '아죄송해요 저 안할래요', '데이트말고하고싶은거있어요', '죄송. 안할게요.', '그래요']"
앙챗,단순만남,chat0801,"['가까운데 술한잔해요 ㅎ', '안녕하세요', '네^^ 술한잔할래요?', '아 전 16살인데요', '아하. 학생은 안하는데 음… 답장 왜 주신거죠..?']"
앙챗,단순만남,chat0818,"['반가워요', '안녕하세요', '네~ 어디살아요', '명동쪽이요', '전 동대문이예요 ㅋㅋ 어떤상대분찾으시나요', '딱히 그런 건 없어요 ㅋㅋ', '머하구있어요?', '그냥 채팅하고', '집이에요?', '밖이에요', '만날래요?', '만나서 뭐하게요', '뭐 하고싶은거있어요? 그쪽원하는거하죠뭐', '아 저 16살이에요', '사진있어요?', '사진이야 있죠', '하나만보여줘요 ㅋㅋ', '사진은싫어요', '만나서 머할래요?', '안 만날게요']"
앙챗,단순만남,chat0825,"['안녕하세요 완전근처네요~ㅎㅎ', '안녕하세요~', 'ㅎㅎㅎ 어디계세요??', '저 교대역쪽이에요', '아하 저는 신논현인데 ㅋㅋㅋ 밖에 슬슬더워지네요 뭐하구계세요??', '그냥 있어요 ㅋㅋ 저 중3이에요', '엥?? 진짜로요?', '넹', '헐… 그럼 학교인거에요 지금?', '아뇨 안 갔어요', 'ㅜㅜ 무슨 일 있어요??', '아니요', 'ㅋㅋㅋㅋ 그냥?', '네', '여기서 중3이라구 그러면 사람들이 뭐래요?', '별말 없던데', '다들 조건만남 찾으려고 메시지 엄청나게 보낼텐데. 아 그래요?', '어제 처음 깔았어요', '아아 신기하죠?ㅋㅋㅋ 연락 정말 많이 받을텐데. 원래 인기많은 분인가? 싶기도 하구요', 'ㅎ', '이 앱은 어떻게 시작하신거에요? 친구만나려구?', '그냥', '얘기하려구?', '대화 왜 건 거예요?', '음~~ 솔직히 말하면 저도 만날 사람 찾으려구 연락했어요. 근데 중3이라니까.. 뭔가 하구 애기 더 하고싶은거에요. 정말 솔직히 말하면 말이죠. 만남 하시는거에요?', '뭐…', '만난 사람 있어요? 아님 처음?', '해본적 없어요', '커피한잔 할래요? 제가 살게요. 교대라구 했나요?', '아니요 안 만날래요', '음.. 알겠어요. 저는 진짜 솔직히 말해서 성인이면 괜찮은데 중3이면… 얘길도 나눠보고 싶어서 그래요.', '싫어요', '다른 사람들은 뭐라구 안해요? 다들 막 조건 물어보고. 얼마냐고 물어보고. 사진보내달라고 그러고. 키 몸무게 물어보고 그러는데. 물론… 한번 해보면. 남자친구는 있어요? 자꾸 꼰대처럼 대해서 미안해요. 그쪽도 사정이 있겠죠.', '네', '라인 아이디는 있어요?', '아뇨', '하나 만들어요 ㅎㅎ 얘기하기 좋은데 여기보다. 암튼. 밥은 뭐먹을거에요?? 점심  /// 18:42 저기요~ 지금두 사람 찾는 중이에요?', '왜요', '궁금해서요 계속 글 올라오길래 정 볼 사람 없으면 저 만나요', '아니에요']"
앙챗,단순만남,chat0841,"['저 앞전에 고2친구랑 둘이 친구처럼 애인처럼 진심 믿고 지내며 용돈부터 옷 신발 화장품 도와주며 그 친구 대학3까지 4년간 보다 헤어져서 다른 친구 찾으려고요~ 저랑 진심 믿고 보면 제가 님 대학 졸업까지 용돈 책임질께요', '안녕하세요 저는 중3인데요..', '반가워요. 님이 비밀 지킬 수 있으세요?', '네 어떤 비밀요', '우리 만나는거요. 둘이 둘만의 비밀로 친구처럼 애인처럼 지내며 밥도 먹고 영화도 보구 드라이브도 다니며.. 서로에게 필요한거 도와주며 진심으로 꾸준히 보고 싶어요. 저 진심으로 둘이 믿고 비밀로 지내며 님 필요한 용돈 제가 책임지며 몇 년도 보구 싶어요.', '제가 뭘하면 되나요', '서로 둘이 진심 믿고 필요한 용돈부터 옷 신발 화장품 도와주며 오래 믿고 볼 친구 찾고 있어요~ 둘만의 비밀로 남친? 여친? 처럼 지내요 비밀로요. 둘이 둘만의 비밀로 친구처럼 애인처럼 지내며 밥도 먹고 영화도 보구 드라이브도 다니며요~', '죄송해요 싫어요']"
앙챗,단순만남,chat0852,"['어디세여 가깝네요', '교대쪽이에요', '볼래요???', '저 중3인데요..', '잉 영화데이트나 하려고 했는데.. 학생들은 이런거 하면 안되여~~~ 20살로 나오길래…ㅠㅜ', '가입할 때 선택할수있는 제일 어린 나이가 20이라서요', '아그렇군요']"
앙챗,단순만남,chat0859,"['아무얘기나 해요 ㅎㅎ 안녕하세요 ^^', '안녕하세여', '네 안녕하세요. 아무 얘기 하자고 해서 왔어여 ㅋㅋ', '네', '소개좀? ㅋㅋ', '중3이에요', '아니면 미국 연준 금리인상 연기에 대해서 거시적 경제관점 ㅋㅋㅋㅋ 킄 아무얘기하다가 ㅋㅋㅋ 멈춤. 전 대학생. 어디 살아요? 근처라고 나오는뎅', '성균관대요 ㅎ', '아 나는 교대 근천데요', '아하. 지금 저는 고속버스 터미널에잇어요. 중3이면 요즘 한참 BTS 좋아할때? 저녁 안먹었으면 오빠랑 저녁 먹을래요? ㅋㅋㅋ 딱 저녁만 ㅋ', '만나서 머할라고요', '말햇자나욬ㅋ 저녁 먹을라고 배고파서요. 부담되면 ㅋ 그냥 여기서 얘기만 해요', '아 싫어요 안 할래여', '넹 ㅎ 근데 머가 싫단건진 모르겟지만 ㅎㅎ 일단 궁금한거 잇으면 물어봐요']"
앙챗,단순만남,chat0861,"['모하시나요', '그냥 있어여', '아하 ㅎㅎ 가까우면 술한잔하자고 할려고했는데', '저 16살이에요', '아 진짜여?ㅋㅋ 죄송해여 ㅋㅋ 20살로 되어있길래여', '가입할 때 20살이 제일 어린거라서', '나이적을수있자나여', '안되던데', '별명 쓰는곳에요', '아 뭐 암튼']"
앙챗,단순만남,chat0871,"['ㅎㅇㅎㅇ', 'ㅎㅇ', '저녁먹었냐', '아니 왜', '니 머먹었는지 보고 따라하려했음', '용건만 간단히', '놀자', '뭐하고', '영화', '아 나 16살인데..', 'ㄷㄷ 철컹각이냐 넌 뭐하고싶은데', '무슨 생각을 했길래 철컹각이야', '야한생각']"
앙챗,단순만남,chat0890,"['안녕하세용 가깝네용', '안녕하세요', '네네 ㅎㅎ 반가워용', '네 ㅎ', '뭐하고 계세요??', '그냥 있어요', '집이세요??ㅎㅎ', '밖이요', '아 ㅎㅎ 전 신세계백화점이에요 ㅎㅎ', '네', '아침 드셨어요?', '용건이 뭐예요', '그냥 대화 하자하시길래. 대화하고 싶어서 연락했습니당. 만나요', '만나서 뭐하게요?', '놀아요 ㅎㅎ', '싫어요', '아 넵 ㅠ']"
앙챗,단순만남,chat0907,"['바로대화걸어요님!!', 'ㅎㅇ', '안녕하세여 ㅋㅋ 바빠요? 만날수있나요저희?', '만나서 뭐하게요 ㅋ', '하고싶은거 없나요? 뭐 밥술코노다해도되는데여영화', '아 저 16살이에요', '네 ㅋㅋ 그러면 더 좋네여 애초에 나쁜맘을가질필요가없으니까 ㅎㅎ']"
앙챗,단순만남,chat0908,"['ㅁㄴ?', '무슨만남?', '무슨 만남인데요?', '그쪽이 먼저 말씀해주세여', '걍 놀자고 하는 만남?', '저 16살이에요', '지금 학교에 있을시간이네요. 요즘은 폰 가져가지 않나요?', '오늘 학교 안 갔어요', '땡땡이?', 'ㅇㅇㅇ', '날씨 좋은 날은 땡땡이 치고 놀아줘야죠 땡땡이 치고 머해요?', '그냥 있어요', '그냥 있으면 땡땡이 친거 아깝잖아요']"
앙챗,단순만남,chat0919,"['하이', 'ㅎㅇ', '가까운데 서로 요것저것 맞음 뵐까요?', '만나서 뭐해요?', '아하~~~~ 기분 나쁘셨다면 죄송합니다~~~~', '아니 물어본 건데', '그냥 대화? ㅎㅎ', '저 16살이에요', '수고하세요']"
동네친구,단순만남,chat0961,"['안녕하세요~', '안녕하세요', '목록에 있길래 친해지고 싶어서 쪽지했어요 ㅎ', '네ㅎㅎ', '여기 어플사람들이랑 많이 친해졌어요~?', '아뇨', '저도 아직ㅜ 어디살아요? 전 광명 하얀동 살아요 ㅎ', '영등포요~', '가깝네요~ㅎ 친해지면 밥이나 술한잔해여 ㅎ', '네~', '무슨일해요~?', '저 중학생이에요', '헛 그래요? ㄷㄷㅋ 놀람 ㅋㅋㅋ', '16살이요~', '술한잔하자는건 취소해야하나 ㅎ 바빠요~?', '아뇨', '어플로 대화하기 불편한데 카톡으로 대화하면 어때요?~?', '아 싫어요', '흑 저 거절당했네요..ㅎ 머해요~?']"
동네친구,단순만남,chat0984,"['안녕하세요', '안녕하세요', '뭐하고 있어요?', '그냥 있어요', '9시에 시간되시면 만나서 술마실래여?', '아 저 16살인데 괜찮으세요', '술은 좀 그런가요?', '그럼요?', '마실수있어요? 사드릴게요', '아 저 안할래요', '네 안만나는거죠?', '네 싫어요']"
동네친구,단순만남,chat1008,"['하이^^~', '안녕하세요', '방가요 ㅋ', '네 ㅋ', '오늘 시간되세요?', '시간은 돼요', '볼까요? 대딩인가요?', '아 16살이에요', '이론 꼬맹이넹. 학교안가?', '끝났어요', '어여 집에 가~']"
동네친구,단순만남,chat1019,"['하이', 'ㅎㅇ', '안녕 어디야??', '영등포쪽이에요', '아 그러쿤요. 집이에요??', '밖이에요', '친구랑 있어요??', '혼자 있어요', '앗 저녁은요??', '생각이 없네요 ㅎㅎ', '이런… 괜찮으시면 저랑 놀아요 ㅋㅋㅋㅋ', '어디신데요', '제가 영등포쪽으로 갑니다. 모시로 가야죠..ㅋ', '목적이 뭐예요?', '즐거운 시간 함께 보내기', '그게 다예요?', '응', '만나서 괜찮으면 친하게 지내기. 너 이쁘니??ㅋㅋ', '쫌', '쫌 이쁘다고?', '몰라요', 'ㅋㅋ 놀자 같이.']"
동네친구,단순만남,chat1024,"['안하시나', '아 안녕하세요', '인사만 하시고 챗이 없으세요 ㅠㅠ 일중이에요?', '아뇨 그냥 있어요', '아하. 오늘 약속 있어요?', '잠깐만요 좀 있다가 대화할게요.', '알겠어요…', '네~', '잘하고 왔어요??', '아 네 ㅎㅎ', '수고하셨어영. 이제 뭐하시게요??', '뭐 딱히없어요', '누나 어플에서 사람 만나요??', '저 16살인데', '엥… 누나신줄 알았어요…. 그럼 학교 잘 끝났어요?', '네 몇살이세요', '26이요.. 좀 차이나죠?', '아 ㅎㅎ', '하하.. 좀 부담되요? 만날래여?']"
동네친구,단순만남,chat1025,"['하이여? 영등포살아여?ㅎㅎ', '안녕하세요', '모해여', '채팅해요 ㅎㅎ', 'ㅋㅋㅋㅋ 만나서 놀래요?', '저 16살이에여', '헝ㅋㅋㅋㅋ 난 상관없는데', '만나서 뭐해요?', '나 음악작업실놀러올래? 여기서 같이 영화보자', '영화만 보나여', '다른것도하고싶어?', '아뇨 괜찮아요ㅋㅋ', 'ㅋㅋㅋㅋㅋ 영화보쟈', '생각 좀 해볼게요..', '맛있는거두사주께 ㅎㅎ', '음..좀 생각좀 ㅜㅠ', 'ㅋㅋ 학교 안갔어?', '지금은 수업이죠', '아항. 언제끝나는데?', '세시요', '세시에끝나고올래?ㅎㅎ', '귀찮아요 안갈게용ㅎㅎ']"
